symbol,shares,as_of,source
20MICRONS,35286502,2026-07-12,yfinance_fast_info
21STCENMGM,10500000,2026-07-12,yfinance_fast_info
360ONE,406685017,2026-07-12,yfinance_fast_info
3IINFOLTD,207403767,2026-07-12,yfinance_fast_info
3MINDIA,11265070,2026-07-12,yfinance_fast_info
5PAISA,46879257,2026-07-12,yfinance_fast_info
63MOONS,46078537,2026-07-12,yfinance_fast_info
A2ZINFRA,177522358,2026-07-12,yfinance_fast_info
AAATECH,12826800,2026-07-12,yfinance_fast_info
AADHARHFC,437337117,2026-07-12,yfinance_fast_info
AAKASH,101250000,2026-07-12,yfinance_fast_info
AARON,20946478,2026-07-12,yfinance_fast_info
AARTIDRUGS,91270000,2026-07-12,yfinance_fast_info
AARTIIND,362726695,2026-07-12,yfinance_fast_info
AARTIPHARM,90679813,2026-07-12,yfinance_fast_info
AARTISURF,8470905,2026-07-12,yfinance_fast_info
AARVI,14810700,2026-07-12,yfinance_fast_info
AAVAS,79290026,2026-07-12,yfinance_fast_info
ABB,211908375,2026-07-12,yfinance_fast_info
ABBOTINDIA,21249302,2026-07-12,yfinance_fast_info
ABCAPITAL,2735816480,2026-07-12,yfinance_fast_info
ABCOTS,21963620,2026-07-12,yfinance_fast_info
ABDL,279710151,2026-07-12,yfinance_fast_info
ABFRL,1216777241,2026-07-12,yfinance_fast_info
ABINFRA,638789360,2026-07-12,yfinance_fast_info
ABLBL,1214638186,2026-07-12,yfinance_fast_info
ABMINTLLTD,9408000,2026-07-12,yfinance_fast_info
ABREL,110577844,2026-07-12,yfinance_fast_info
ABSLAMC,289203494,2026-07-12,yfinance_fast_info
ACC,187787263,2026-07-12,yfinance_fast_info
ACCELYA,14926261,2026-07-12,yfinance_fast_info
ACE,119020076,2026-07-12,yfinance_fast_info
ACEINTEG,10200000,2026-07-12,yfinance_fast_info
ACI,123458394,2026-07-12,yfinance_fast_info
ACL,92172140,2026-07-12,yfinance_fast_info
ACMESOLAR,706291446,2026-07-12,yfinance_fast_info
ACUTAAS,81871122,2026-07-12,yfinance_fast_info
ADANIENSOL,1201282642,2026-07-12,yfinance_fast_info
ADANIENT,1353722600,2026-07-12,yfinance_fast_info
ADANIGREEN,1647176155,2026-07-12,yfinance_fast_info
ADANIPORTS,2303959098,2026-07-12,yfinance_fast_info
ADANIPOWER,19284694705,2026-07-12,yfinance_fast_info
ADFFOODS,109863595,2026-07-12,yfinance_fast_info
ADL,5566250,2026-07-12,yfinance_fast_info
ADOR,17402815,2026-07-12,yfinance_fast_info
ADROITINFO,57268430,2026-07-12,yfinance_fast_info
ADSL,56568528,2026-07-12,yfinance_fast_info
ADVAIT,10936777,2026-07-12,yfinance_fast_info
ADVANCE,64285720,2026-07-12,yfinance_fast_info
ADVANIHOTR,92438500,2026-07-12,yfinance_fast_info
ADVENTHTL,53942887,2026-07-12,yfinance_fast_info
ADVENZYMES,111976150,2026-07-12,yfinance_fast_info
AEGISLOG,351000000,2026-07-12,yfinance_fast_info
AEGISVOPAK,1107991489,2026-07-12,yfinance_fast_info
AEPL,251036900,2026-07-12,yfinance_fast_info
AEQUS,654854135,2026-07-12,yfinance_fast_info
AEROENTER,113164200,2026-07-12,yfinance_fast_info
AEROFLEX,132330768,2026-07-12,yfinance_fast_info
AERONEU,25796000,2026-07-12,yfinance_fast_info
AETHER,132712576,2026-07-12,yfinance_fast_info
AFCONS,367784631,2026-07-12,yfinance_fast_info
AFFLE,140640627,2026-07-12,yfinance_fast_info
AFSL,50839759,2026-07-12,yfinance_fast_info
AGARIND,14957789,2026-07-12,yfinance_fast_info
AGARWALEYE,317026183,2026-07-12,yfinance_fast_info
AGI,64697381,2026-07-12,yfinance_fast_info
AGIIL,124997388,2026-07-12,yfinance_fast_info
AGROPHOS,20274115,2026-07-12,yfinance_fast_info
AHCL,531515000,2026-07-12,yfinance_fast_info
AHLADA,12921000,2026-07-12,yfinance_fast_info
AHLEAST,17291696,2026-07-12,yfinance_fast_info
AHLUCONT,66987560,2026-07-12,yfinance_fast_info
AIAENG,93320370,2026-07-12,yfinance_fast_info
AIIL,849225500,2026-07-12,yfinance_fast_info
AIRAN,125020000,2026-07-12,yfinance_fast_info
AIROLAM,15002000,2026-07-12,yfinance_fast_info
AJANTPHARM,124935624,2026-07-12,yfinance_fast_info
AJAXENGG,114406800,2026-07-12,yfinance_fast_info
AJMERA,196795650,2026-07-12,yfinance_fast_info
AJOONI,172243598,2026-07-12,yfinance_fast_info
AKASH,16862534,2026-07-12,yfinance_fast_info
AKG,31776576,2026-07-12,yfinance_fast_info
AKI,103205956,2026-07-12,yfinance_fast_info
AKSHAR,787468500,2026-07-12,yfinance_fast_info
AKUMS,153102058,2026-07-12,yfinance_fast_info
ALANKIT,271158100,2026-07-12,yfinance_fast_info
ALBERTDAVD,5707162,2026-07-12,yfinance_fast_info
ALEMBICLTD,256781828,2026-07-12,yfinance_fast_info
ALGOQUANT,281096028,2026-07-12,yfinance_fast_info
ALICON,16336840,2026-07-12,yfinance_fast_info
ALIVUS,122739448,2026-07-12,yfinance_fast_info
ALKEM,119565000,2026-07-12,yfinance_fast_info
ALKYLAMINE,51146177,2026-07-12,yfinance_fast_info
ALLCARGO,1497778469,2026-07-12,yfinance_fast_info
ALLDIGI,15238326,2026-07-12,yfinance_fast_info
ALLTIME,65507778,2026-07-12,yfinance_fast_info
ALMONDZ,174899756,2026-07-12,yfinance_fast_info
ALOKINDS,4965240401,2026-07-12,yfinance_fast_info
ALPA,21040600,2026-07-12,yfinance_fast_info
ALPHAGEO,6364767,2026-07-12,yfinance_fast_info
AMAGI,216338944,2026-07-12,yfinance_fast_info
AMBALALSA,76633296,2026-07-12,yfinance_fast_info
AMBER,35267767,2026-07-12,yfinance_fast_info
AMBICAAGAR,17177400,2026-07-12,yfinance_fast_info
AMBIKCO,5725000,2026-07-12,yfinance_fast_info
AMBUJACEM,2484817186,2026-07-12,yfinance_fast_info
AMDIND,19166749,2026-07-12,yfinance_fast_info
AMJLAND,41000000,2026-07-12,yfinance_fast_info
AMNPLST,55020000,2026-07-12,yfinance_fast_info
AMRUTANJAN,28900081,2026-07-12,yfinance_fast_info
ANANDRATHI,166041268,2026-07-12,yfinance_fast_info
ANANTRAJ,359876930,2026-07-12,yfinance_fast_info
ANDHRAPAP,198850195,2026-07-12,yfinance_fast_info
ANDHRSUGAR,135535390,2026-07-12,yfinance_fast_info
ANGELONE,913518960,2026-07-12,yfinance_fast_info
ANMOL,56914150,2026-07-12,yfinance_fast_info
ANTELOPUS,35162358,2026-07-12,yfinance_fast_info
ANTGRAPHIC,155009600,2026-07-12,yfinance_fast_info
ANTHEM,561713851,2026-07-12,yfinance_fast_info
ANUHPHR,100224000,2026-07-12,yfinance_fast_info
ANUP,20031466,2026-07-12,yfinance_fast_info
ANURAS,113848310,2026-07-12,yfinance_fast_info
APARINDS,40174235,2026-07-12,yfinance_fast_info
APCL,29374764,2026-07-12,yfinance_fast_info
APCOTEXIND,51844960,2026-07-12,yfinance_fast_info
APEX,31250000,2026-07-12,yfinance_fast_info
APLAPOLLO,277658405,2026-07-12,yfinance_fast_info
APLLTD,196563124,2026-07-12,yfinance_fast_info
APOLLO,371599512,2026-07-12,yfinance_fast_info
APOLLOHOSP,143784657,2026-07-12,yfinance_fast_info
APOLLOPIPE,43919356,2026-07-12,yfinance_fast_info
APOLLOTYRE,632581334,2026-07-12,yfinance_fast_info
APOLSINHOT,2600400,2026-07-12,yfinance_fast_info
APTUS,500792736,2026-07-12,yfinance_fast_info
AQYLON,253730560,2026-07-12,yfinance_fast_info
ARCHIDPLY,20002967,2026-07-12,yfinance_fast_info
ARCHIES,33780000,2026-07-12,yfinance_fast_info
ARE&M,183025364,2026-07-12,yfinance_fast_info
ARENTERP,3233841,2026-07-12,yfinance_fast_info
ARFIN,168722482,2026-07-12,yfinance_fast_info
ARIES,13004339,2026-07-12,yfinance_fast_info
ARIHANT,10862497,2026-07-12,yfinance_fast_info
ARIHANTCAP,109612400,2026-07-12,yfinance_fast_info
ARIHANTSUP,43249991,2026-07-12,yfinance_fast_info
ARIS,81793846,2026-07-12,yfinance_fast_info
ARKADE,185663617,2026-07-12,yfinance_fast_info
ARMANFIN,10514761,2026-07-12,yfinance_fast_info
AROGRANITE,15300000,2026-07-12,yfinance_fast_info
ARSSBL,63026300,2026-07-12,yfinance_fast_info
ARTNIRMAN,24956000,2026-07-12,yfinance_fast_info
ARVEE,11020000,2026-07-12,yfinance_fast_info
ARVIND,262114640,2026-07-12,yfinance_fast_info
ARVINDFASN,133654989,2026-07-12,yfinance_fast_info
ARVSMART,45866979,2026-07-12,yfinance_fast_info
ASAHIINDIA,254927192,2026-07-12,yfinance_fast_info
ASAHISONG,11787262,2026-07-12,yfinance_fast_info
ASAL,15864397,2026-07-12,yfinance_fast_info
ASALCBR,20079200,2026-07-12,yfinance_fast_info
ASHAPURMIN,95526098,2026-07-12,yfinance_fast_info
ASHIANA,100524857,2026-07-12,yfinance_fast_info
ASHIMASYN,191660078,2026-07-12,yfinance_fast_info
ASHOKA,280723217,2026-07-12,yfinance_fast_info
ASHOKAMET,24996000,2026-07-12,yfinance_fast_info
ASHOKLEY,5873854552,2026-07-12,yfinance_fast_info
ASIANENE,48591378,2026-07-12,yfinance_fast_info
ASIANHOTNR,42633229,2026-07-12,yfinance_fast_info
ASIANPAINT,958644295,2026-07-12,yfinance_fast_info
ASIANTILES,296475285,2026-07-12,yfinance_fast_info
ASKAUTOLTD,197142600,2026-07-12,yfinance_fast_info
ASPINWALL,7818288,2026-07-12,yfinance_fast_info
ASTEC,22282238,2026-07-12,yfinance_fast_info
ASTERDM,516939399,2026-07-12,yfinance_fast_info
ASTRAL,268650163,2026-07-12,yfinance_fast_info
ASTRAMICRO,94945008,2026-07-12,yfinance_fast_info
ASTRAZEN,25000000,2026-07-12,yfinance_fast_info
ATALREAL,123896250,2026-07-12,yfinance_fast_info
ATAM,11463000,2026-07-12,yfinance_fast_info
ATGL,1099810083,2026-07-12,yfinance_fast_info
ATHERENERG,383310002,2026-07-12,yfinance_fast_info
ATL,291859323,2026-07-12,yfinance_fast_info
ATLANTAA,81500000,2026-07-12,yfinance_fast_info
ATLANTAELE,76896625,2026-07-12,yfinance_fast_info
ATLASCYCLE,6503838,2026-07-12,yfinance_fast_info
ATUL,29441755,2026-07-12,yfinance_fast_info
ATULAUTO,27751280,2026-07-12,yfinance_fast_info
AUBANK,748358789,2026-07-12,yfinance_fast_info
AURIONPRO,55213530,2026-07-12,yfinance_fast_info
AUROPHARMA,575377895,2026-07-12,yfinance_fast_info
AURUM,76245427,2026-07-12,yfinance_fast_info
AUTOAXLES,15111971,2026-07-12,yfinance_fast_info
AVALON,66811755,2026-07-12,yfinance_fast_info
AVANTEL,265710850,2026-07-12,yfinance_fast_info
AVANTIFEED,136245630,2026-07-12,yfinance_fast_info
AVL,129138050,2026-07-12,yfinance_fast_info
AVONMORE,282184741,2026-07-12,yfinance_fast_info
AVROIND,134171400,2026-07-12,yfinance_fast_info
AVTNPL,152284000,2026-07-12,yfinance_fast_info
AWFIS,71563186,2026-07-12,yfinance_fast_info
AWHCL,28371681,2026-07-12,yfinance_fast_info
AWL,1293347191,2026-07-12,yfinance_fast_info
AXISBANK,3110915678,2026-07-12,yfinance_fast_info
AXISCADES,42530989,2026-07-12,yfinance_fast_info
AXITA,382673533,2026-07-12,yfinance_fast_info
AYE,244551762,2026-07-12,yfinance_fast_info
AYMSYNTEX,58734091,2026-07-12,yfinance_fast_info
AZAD,64581743,2026-07-12,yfinance_fast_info
BAGFILMS,217918090,2026-07-12,yfinance_fast_info
BAIDFIN,154888107,2026-07-12,yfinance_fast_info
BAJAJCON,130618321,2026-07-12,yfinance_fast_info
BAJAJELEC,115392769,2026-07-12,yfinance_fast_info
BAJAJFINSV,1598733368,2026-07-12,yfinance_fast_info
BAJAJHCARE,33662661,2026-07-12,yfinance_fast_info
BAJAJHFL,8328662006,2026-07-12,yfinance_fast_info
BAJAJHIND,2357786041,2026-07-12,yfinance_fast_info
BAJAJHLDNG,111293510,2026-07-12,yfinance_fast_info
BAJAJINDEF,32000000,2026-07-12,yfinance_fast_info
BAJEL,115696935,2026-07-12,yfinance_fast_info
BAJFINANCE,6217876336,2026-07-12,yfinance_fast_info
BALAJEE,81570852,2026-07-12,yfinance_fast_info
BALAJITELE,121902291,2026-07-12,yfinance_fast_info
BALAMINES,32401000,2026-07-12,yfinance_fast_info
BALKRISHNA,32219532,2026-07-12,yfinance_fast_info
BALKRISIND,193317190,2026-07-12,yfinance_fast_info
BALMLAWRIE,171003846,2026-07-12,yfinance_fast_info
BALPHARMA,15920872,2026-07-12,yfinance_fast_info
BALRAMCHIN,211267207,2026-07-12,yfinance_fast_info
BALUFORGE,114991900,2026-07-12,yfinance_fast_info
BANARBEADS,6597522,2026-07-12,yfinance_fast_info
BANARISUG,12539700,2026-07-12,yfinance_fast_info
BANCOINDIA,143037300,2026-07-12,yfinance_fast_info
BANDHANBNK,1611078000,2026-07-12,yfinance_fast_info
BANG,13560000,2026-07-12,yfinance_fast_info
BANKBARODA,5171362179,2026-07-12,yfinance_fast_info
BANKINDIA,4552667866,2026-07-12,yfinance_fast_info
BANSALWIRE,156555952,2026-07-12,yfinance_fast_info
BANSWRAS,34232084,2026-07-12,yfinance_fast_info
BASF,43285640,2026-07-12,yfinance_fast_info
BATAINDIA,128527540,2026-07-12,yfinance_fast_info
BATLIBOI,47221840,2026-07-12,yfinance_fast_info
BAYERCROP,44942092,2026-07-12,yfinance_fast_info
BBL,11303120,2026-07-12,yfinance_fast_info
BBOX,177599205,2026-07-12,yfinance_fast_info
BBTC,69771900,2026-07-12,yfinance_fast_info
BBTCL,20511240,2026-07-12,yfinance_fast_info
BCG,2018521873,2026-07-12,yfinance_fast_info
BCLIND,295163340,2026-07-12,yfinance_fast_info
BCONCEPTS,12481877,2026-07-12,yfinance_fast_info
BCPL,16723638,2026-07-12,yfinance_fast_info
BDL,366562500,2026-07-12,yfinance_fast_info
BEARDSELL,39437000,2026-07-12,yfinance_fast_info
BECTORFOOD,306990595,2026-07-12,yfinance_fast_info
BEDMUTHA,32263884,2026-07-12,yfinance_fast_info
BEL,7309778829,2026-07-12,yfinance_fast_info
BELLACASA,13387500,2026-07-12,yfinance_fast_info
BELRISE,889879192,2026-07-12,yfinance_fast_info
BEML,83289000,2026-07-12,yfinance_fast_info
BEPL,248858460,2026-07-12,yfinance_fast_info
BERGEPAINT,1166002812,2026-07-12,yfinance_fast_info
BESTAGRO,354671100,2026-07-12,yfinance_fast_info
BETA,10094553,2026-07-12,yfinance_fast_info
BFINVEST,37667628,2026-07-12,yfinance_fast_info
BFUTILITIE,37667628,2026-07-12,yfinance_fast_info
BHAGCHEM,129669080,2026-07-12,yfinance_fast_info
BHARATFORG,478088632,2026-07-12,yfinance_fast_info
BHARATRAS,16621072,2026-07-12,yfinance_fast_info
BHARATSE,62800000,2026-07-12,yfinance_fast_info
BHARATWIRE,68622914,2026-07-12,yfinance_fast_info
BHARTIARTL,6238658094,2026-07-12,yfinance_fast_info
BHARTIHEXA,500000000,2026-07-12,yfinance_fast_info
BHEL,3482063355,2026-07-12,yfinance_fast_info
BIGBLOC,141575750,2026-07-12,yfinance_fast_info
BIKAJI,250736400,2026-07-12,yfinance_fast_info
BIL,13410411,2026-07-12,yfinance_fast_info
BIMETAL,3825000,2026-07-12,yfinance_fast_info
BIOCON,1628293737,2026-07-12,yfinance_fast_info
BIOFILCHEM,16273800,2026-07-12,yfinance_fast_info
BIRLACORPN,77005347,2026-07-12,yfinance_fast_info
BIRLAMONEY,56509201,2026-07-12,yfinance_fast_info
BIRLANU,7540899,2026-07-12,yfinance_fast_info
BLACKBUCK,182138576,2026-07-12,yfinance_fast_info
BLAL,41644500,2026-07-12,yfinance_fast_info
BLBLIMITED,52865258,2026-07-12,yfinance_fast_info
BLKASHYAP,225482408,2026-07-12,yfinance_fast_info
BLS,411522253,2026-07-12,yfinance_fast_info
BLSE,90654077,2026-07-12,yfinance_fast_info
BLUEDART,23727934,2026-07-12,yfinance_fast_info
BLUEJET,173465425,2026-07-12,yfinance_fast_info
BLUESTARCO,205592636,2026-07-12,yfinance_fast_info
BLUESTONE,152401781,2026-07-12,yfinance_fast_info
BLUSPRING,149440980,2026-07-12,yfinance_fast_info
BMWVENTLTD,86715000,2026-07-12,yfinance_fast_info
BOHRAIND,10297152,2026-07-12,yfinance_fast_info
BOMDYEING,206534900,2026-07-12,yfinance_fast_info
BONLON,16383358,2026-07-12,yfinance_fast_info
BORANA,26645295,2026-07-12,yfinance_fast_info
BOROLTD,119587629,2026-07-12,yfinance_fast_info
BORORENEW,140283183,2026-07-12,yfinance_fast_info
BOROSCI,88947050,2026-07-12,yfinance_fast_info
BOSCHLTD,29496100,2026-07-12,yfinance_fast_info
BPCL,4272584874,2026-07-12,yfinance_fast_info
BPL,48975751,2026-07-12,yfinance_fast_info
BRIGADE,326162379,2026-07-12,yfinance_fast_info
BRIGHOTEL,379842565,2026-07-12,yfinance_fast_info
BRITANNIA,240868296,2026-07-12,yfinance_fast_info
BRNL,83950000,2026-07-12,yfinance_fast_info
BSE,406129077,2026-07-12,yfinance_fast_info
BSL,10292168,2026-07-12,yfinance_fast_info
BSOFT,279579589,2026-07-12,yfinance_fast_info
BTML,181697777,2026-07-12,yfinance_fast_info
BUILDPRO,24249326,2026-07-12,yfinance_fast_info
BUTTERFLY,17879551,2026-07-12,yfinance_fast_info
BVCL,22160000,2026-07-12,yfinance_fast_info
CAMLINFINE,192091613,2026-07-12,yfinance_fast_info
CAMPUS,305653746,2026-07-12,yfinance_fast_info
CAMS,248204728,2026-07-12,yfinance_fast_info
CANBK,9070651260,2026-07-12,yfinance_fast_info
CANFINHOME,133154591,2026-07-12,yfinance_fast_info
CANHLIFE,947484925,2026-07-12,yfinance_fast_info
CANTABIL,83638040,2026-07-12,yfinance_fast_info
CAPACITE,84604043,2026-07-12,yfinance_fast_info
CAPILLARY,79471983,2026-07-12,yfinance_fast_info
CAPITALSFB,45465185,2026-07-12,yfinance_fast_info
CAPLIPOINT,76011696,2026-07-12,yfinance_fast_info
CAPTRUST,33875489,2026-07-12,yfinance_fast_info
CARBORUNIV,190493502,2026-07-12,yfinance_fast_info
CARERATING,30087146,2026-07-12,yfinance_fast_info
CARRARO,56851538,2026-07-12,yfinance_fast_info
CARTRADE,48023035,2026-07-12,yfinance_fast_info
CARYSIL,28442606,2026-07-12,yfinance_fast_info
CASTROLIND,989122384,2026-07-12,yfinance_fast_info
CCAVENUE,3481019690,2026-07-12,yfinance_fast_info
CCCL,446759451,2026-07-12,yfinance_fast_info
CCHHL,163464735,2026-07-12,yfinance_fast_info
CCL,133327039,2026-07-12,yfinance_fast_info
CDSL,209000000,2026-07-12,yfinance_fast_info
CEATLTD,40341520,2026-07-12,yfinance_fast_info
CEIGALL,174204861,2026-07-12,yfinance_fast_info
CEINSYS,20937661,2026-07-12,yfinance_fast_info
CELEBRITY,64548346,2026-07-12,yfinance_fast_info
CELLO,220885034,2026-07-12,yfinance_fast_info
CEMPRO,171787584,2026-07-12,yfinance_fast_info
CENTENKA,21850589,2026-07-12,yfinance_fast_info
CENTEXT,80000000,2026-07-12,yfinance_fast_info
CENTRALBK,9051401274,2026-07-12,yfinance_fast_info
CENTRUM,474507460,2026-07-12,yfinance_fast_info
CENTUM,14740983,2026-07-12,yfinance_fast_info
CENTURYPLY,222172990,2026-07-12,yfinance_fast_info
CERA,12892965,2026-07-12,yfinance_fast_info
CESC,1325570430,2026-07-12,yfinance_fast_info
CEWATER,20696233,2026-07-12,yfinance_fast_info
CGCL,962153962,2026-07-12,yfinance_fast_info
CGPOWER,1574979249,2026-07-12,yfinance_fast_info
CHALET,218994127,2026-07-12,yfinance_fast_info
CHAMBLFERT,400652297,2026-07-12,yfinance_fast_info
CHEMPLASTS,158109574,2026-07-12,yfinance_fast_info
CHENNPETRO,148911400,2026-07-12,yfinance_fast_info
CHEVIOT,5841875,2026-07-12,yfinance_fast_info
CHOICEIN,222776500,2026-07-12,yfinance_fast_info
CHOLAFIN,854013036,2026-07-12,yfinance_fast_info
CHOLAHLDNG,187777462,2026-07-12,yfinance_fast_info
CIEINDIA,379362377,2026-07-12,yfinance_fast_info
CIFL,391056300,2026-07-12,yfinance_fast_info
CINELINE,34266434,2026-07-12,yfinance_fast_info
CINEVISTA,57436475,2026-07-12,yfinance_fast_info
CIPLA,807845316,2026-07-12,yfinance_fast_info
CLEAN,106282520,2026-07-12,yfinance_fast_info
CLEANMAX,117079174,2026-07-12,yfinance_fast_info
CLSEL,49725620,2026-07-12,yfinance_fast_info
CMSINFO,160063415,2026-07-12,yfinance_fast_info
CNL,15016675,2026-07-12,yfinance_fast_info
COALINDIA,6162728327,2026-07-12,yfinance_fast_info
COASTCORP,66977230,2026-07-12,yfinance_fast_info
COCHINSHIP,263080780,2026-07-12,yfinance_fast_info
COFORGE,442690811,2026-07-12,yfinance_fast_info
COHANCE,382932534,2026-07-12,yfinance_fast_info
COLPAL,271985634,2026-07-12,yfinance_fast_info
COMPUSOFT,79125188,2026-07-12,yfinance_fast_info
COMSYN,40339200,2026-07-12,yfinance_fast_info
CONCOR,761617935,2026-07-12,yfinance_fast_info
CONCORDBIO,104616204,2026-07-12,yfinance_fast_info
CONFIPET,332241043,2026-07-12,yfinance_fast_info
CONSOFINVT,32326366,2026-07-12,yfinance_fast_info
CONTROLPR,15994212,2026-07-12,yfinance_fast_info
CORALFINAC,40302225,2026-07-12,yfinance_fast_info
CORDELIA,72394543,2026-07-12,yfinance_fast_info
COROMANDEL,294496639,2026-07-12,yfinance_fast_info
COSMOFIRST,25958155,2026-07-12,yfinance_fast_info
COUNCODOS,77597300,2026-07-12,yfinance_fast_info
CPEDU,18192939,2026-07-12,yfinance_fast_info
CPPLUS,117850485,2026-07-12,yfinance_fast_info
CRAFTSMAN,26154433,2026-07-12,yfinance_fast_info
CRAMC,199417428,2026-07-12,yfinance_fast_info
CREATIVEYE,20058250,2026-07-12,yfinance_fast_info
CREDITACC,160196031,2026-07-12,yfinance_fast_info
CREST,28266775,2026-07-12,yfinance_fast_info
CRISIL,73130017,2026-07-12,yfinance_fast_info
CRIZAC,174982500,2026-07-12,yfinance_fast_info
CROMPTON,643914875,2026-07-12,yfinance_fast_info
CROWN,11223344,2026-07-12,yfinance_fast_info
CSBBANK,169477587,2026-07-12,yfinance_fast_info
CSLFINANCE,22487484,2026-07-12,yfinance_fast_info
CTE,19250771,2026-07-12,yfinance_fast_info
CUB,990787237,2026-07-12,yfinance_fast_info
CUBEXTUB,14318975,2026-07-12,yfinance_fast_info
CUMMINSIND,277200000,2026-07-12,yfinance_fast_info
CUPID,1344660700,2026-07-12,yfinance_fast_info
CURAA,9900000,2026-07-12,yfinance_fast_info
CYIENT,110490454,2026-07-12,yfinance_fast_info
CYIENTDLM,79364396,2026-07-12,yfinance_fast_info
DABUR,1773952388,2026-07-12,yfinance_fast_info
DALBHARAT,187728794,2026-07-12,yfinance_fast_info
DALMIASUG,80939303,2026-07-12,yfinance_fast_info
DAMCAPITAL,70686000,2026-07-12,yfinance_fast_info
DANGEE,153975000,2026-07-12,yfinance_fast_info
DATAMATICS,59106389,2026-07-12,yfinance_fast_info
DATAPATTNS,55983969,2026-07-12,yfinance_fast_info
DAVANGERE,1429990798,2026-07-12,yfinance_fast_info
DBCORP,178254679,2026-07-12,yfinance_fast_info
DBL,162444833,2026-07-12,yfinance_fast_info
DCAL,156783095,2026-07-12,yfinance_fast_info
DCBBANK,322077427,2026-07-12,yfinance_fast_info
DCI,16400000,2026-07-12,yfinance_fast_info
DCMSHRIRAM,154846564,2026-07-12,yfinance_fast_info
DCMSRIND,86992185,2026-07-12,yfinance_fast_info
DCW,295155017,2026-07-12,yfinance_fast_info
DCXINDIA,111386427,2026-07-12,yfinance_fast_info
DDEVPLSTIK,103476664,2026-07-12,yfinance_fast_info
DECCANCE,14007500,2026-07-12,yfinance_fast_info
DEEPAKFERT,126365329,2026-07-12,yfinance_fast_info
DEEPAKNTR,136393041,2026-07-12,yfinance_fast_info
DEEPINDS,64000000,2026-07-12,yfinance_fast_info
DELHIVERY,748848124,2026-07-12,yfinance_fast_info
DELTACORP,267771097,2026-07-12,yfinance_fast_info
DELTAMAGNT,10851120,2026-07-12,yfinance_fast_info
DEN,476765914,2026-07-12,yfinance_fast_info
DENORA,5308634,2026-07-12,yfinance_fast_info
DENTA,26700000,2026-07-12,yfinance_fast_info
DEVIT,56363714,2026-07-12,yfinance_fast_info
DEVX,94631955,2026-07-12,yfinance_fast_info
DEVYANI,1232939791,2026-07-12,yfinance_fast_info
DGCONTENT,58022421,2026-07-12,yfinance_fast_info
DHAMPURSUG,64306509,2026-07-12,yfinance_fast_info
DHANBANK,394698851,2026-07-12,yfinance_fast_info
DHANUKA,44578324,2026-07-12,yfinance_fast_info
DHARMAJ,33797296,2026-07-12,yfinance_fast_info
DHUNINV,6097178,2026-07-12,yfinance_fast_info
DIACABS,526971060,2026-07-12,yfinance_fast_info
DIAMINESQ,10053392,2026-07-12,yfinance_fast_info
DIAMONDYD,23903546,2026-07-12,yfinance_fast_info
DICIND,9178977,2026-07-12,yfinance_fast_info
DIFFNKG,37126259,2026-07-12,yfinance_fast_info
DIGIDRIVE,38469018,2026-07-12,yfinance_fast_info
DIGITIDE,149110807,2026-07-12,yfinance_fast_info
DIGJAMLMTD,20000000,2026-07-12,yfinance_fast_info
DIVGIITTS,30582927,2026-07-12,yfinance_fast_info
DIVISLAB,265468580,2026-07-12,yfinance_fast_info
DIXON,60801893,2026-07-12,yfinance_fast_info
DJML,35929249,2026-07-12,yfinance_fast_info
DLF,2475311706,2026-07-12,yfinance_fast_info
DLINKINDIA,35504850,2026-07-12,yfinance_fast_info
DMART,652245977,2026-07-12,yfinance_fast_info
DMCC,24939933,2026-07-12,yfinance_fast_info
DNAMEDIA,117708018,2026-07-12,yfinance_fast_info
DODLA,60327809,2026-07-12,yfinance_fast_info
DOLATALGO,176000000,2026-07-12,yfinance_fast_info
DOLLAR,56716120,2026-07-12,yfinance_fast_info
DOLPHIN,40004580,2026-07-12,yfinance_fast_info
DOMS,60688336,2026-07-12,yfinance_fast_info
DONEAR,52000000,2026-07-12,yfinance_fast_info
DPABHUSHAN,22827920,2026-07-12,yfinance_fast_info
DRCSYSTEMS,144081330,2026-07-12,yfinance_fast_info
DREAMFOLKS,53269862,2026-07-12,yfinance_fast_info
DREDGECORP,28000000,2026-07-12,yfinance_fast_info
DRREDDY,832710225,2026-07-12,yfinance_fast_info
DSSL,12737080,2026-07-12,yfinance_fast_info
DTIL,10507427,2026-07-12,yfinance_fast_info
DUCON,324925587,2026-07-12,yfinance_fast_info
DVL,35024754,2026-07-12,yfinance_fast_info
DWARKESH,185301470,2026-07-12,yfinance_fast_info
DYCL,48458638,2026-07-12,yfinance_fast_info
DYNAMATECH,6791443,2026-07-12,yfinance_fast_info
DYNPRO,12428387,2026-07-12,yfinance_fast_info
E2E,205390390,2026-07-12,yfinance_fast_info
EASEMYTRIP,3636853188,2026-07-12,yfinance_fast_info
EBGNG,114011517,2026-07-12,yfinance_fast_info
ECLERX,92025272,2026-07-12,yfinance_fast_info
EDELWEISS,946531653,2026-07-12,yfinance_fast_info
EFCIL,147946162,2026-07-12,yfinance_fast_info
EICHERMOT,274497530,2026-07-12,yfinance_fast_info
EIDPARRY,177955692,2026-07-12,yfinance_fast_info
EIEL,175530000,2026-07-12,yfinance_fast_info
EIHAHOTELS,60936294,2026-07-12,yfinance_fast_info
EIHOTEL,625364182,2026-07-12,yfinance_fast_info
EIMCOELECO,5768385,2026-07-12,yfinance_fast_info
EKC,112207682,2026-07-12,yfinance_fast_info
ELANTAS,7927682,2026-07-12,yfinance_fast_info
ELDEHSG,9833000,2026-07-12,yfinance_fast_info
ELECON,224399930,2026-07-12,yfinance_fast_info
ELECTCAST,618184591,2026-07-12,yfinance_fast_info
ELECTHERM,12742814,2026-07-12,yfinance_fast_info
ELGIEQUIP,315241478,2026-07-12,yfinance_fast_info
ELGIRUBCO,50050000,2026-07-12,yfinance_fast_info
ELIN,49709220,2026-07-12,yfinance_fast_info
ELLEN,140935600,2026-07-12,yfinance_fast_info
ELPROINTL,169479130,2026-07-12,yfinance_fast_info
EMAMILTD,436500000,2026-07-12,yfinance_fast_info
EMAMIPAP,60499050,2026-07-12,yfinance_fast_info
EMBDL,1390033433,2026-07-12,yfinance_fast_info
EMCURE,189680147,2026-07-12,yfinance_fast_info
EMIL,384748762,2026-07-12,yfinance_fast_info
EMKAY,27330131,2026-07-12,yfinance_fast_info
EMMVEE,692345033,2026-07-12,yfinance_fast_info
EMSLIMITED,55530807,2026-07-12,yfinance_fast_info
EMUDHRA,82043531,2026-07-12,yfinance_fast_info
ENDURANCE,140662848,2026-07-12,yfinance_fast_info
ENERGYDEV,47500000,2026-07-12,yfinance_fast_info
ENGINERSIN,562042373,2026-07-12,yfinance_fast_info
ENIL,47670415,2026-07-12,yfinance_fast_info
ENRIN,356120505,2026-07-12,yfinance_fast_info
ENTERO,43523072,2026-07-12,yfinance_fast_info
EPACK,96228477,2026-07-12,yfinance_fast_info
EPACKPEB,100631006,2026-07-12,yfinance_fast_info
EPIGRAL,43141338,2026-07-12,yfinance_fast_info
EPL,320297659,2026-07-12,yfinance_fast_info
EQUITASBNK,1143896368,2026-07-12,yfinance_fast_info
ERIS,138578489,2026-07-12,yfinance_fast_info
ESABINDIA,15393020,2026-07-12,yfinance_fast_info
ESAFSFB,515951795,2026-07-12,yfinance_fast_info
ESCORTS,110027390,2026-07-12,yfinance_fast_info
ESSARSHPNG,207884526,2026-07-12,yfinance_fast_info
ESTER,104295042,2026-07-12,yfinance_fast_info
ETERNAL,9205393097,2026-07-12,yfinance_fast_info
ETHOSLTD,26757693,2026-07-12,yfinance_fast_info
EUREKAFORB,193506816,2026-07-12,yfinance_fast_info
EUROBOND,24500000,2026-07-12,yfinance_fast_info
EUROPRATIK,102200000,2026-07-12,yfinance_fast_info
EVEREADY,72687260,2026-07-12,yfinance_fast_info
EXCELINDUS,12570692,2026-07-12,yfinance_fast_info
EXCELSOFT,115084164,2026-07-12,yfinance_fast_info
EXICOM,139079771,2026-07-12,yfinance_fast_info
EXIDEIND,850000000,2026-07-12,yfinance_fast_info
EXPLEOSOL,15519739,2026-07-12,yfinance_fast_info
EXXARO,447410700,2026-07-12,yfinance_fast_info
FABTECH,44450794,2026-07-12,yfinance_fast_info
FACT,647071974,2026-07-12,yfinance_fast_info
FAZE3Q,24270922,2026-07-12,yfinance_fast_info
FCL,1164500900,2026-07-12,yfinance_fast_info
FDC,162810084,2026-07-12,yfinance_fast_info
FEDERALBNK,2466602623,2026-07-12,yfinance_fast_info
FEDFINA,374906081,2026-07-12,yfinance_fast_info
FIBERWEB,28791710,2026-07-12,yfinance_fast_info
FIEMIND,26319660,2026-07-12,yfinance_fast_info
FILATEX,444058375,2026-07-12,yfinance_fast_info
FINCABLES,152939345,2026-07-12,yfinance_fast_info
FINEORG,30659976,2026-07-12,yfinance_fast_info
FINKURVE,140143988,2026-07-12,yfinance_fast_info
FINOPB,83218402,2026-07-12,yfinance_fast_info
FINPIPE,618313905,2026-07-12,yfinance_fast_info
FIRSTCRY,485359263,2026-07-12,yfinance_fast_info
FISCHER,654515470,2026-07-12,yfinance_fast_info
FIVESTAR,295187968,2026-07-12,yfinance_fast_info
FLAIR,105395378,2026-07-12,yfinance_fast_info
FLUOROCHEM,109850000,2026-07-12,yfinance_fast_info
FMGOETZE,55632130,2026-07-12,yfinance_fast_info
FOODSIN,73531558,2026-07-12,yfinance_fast_info
FORCEMOT,13176262,2026-07-12,yfinance_fast_info
FORTIS,754958148,2026-07-12,yfinance_fast_info
FOSECOIND,7574647,2026-07-12,yfinance_fast_info
FRACTAL,171965112,2026-07-12,yfinance_fast_info
FSL,690535266,2026-07-12,yfinance_fast_info
FUSION,161716337,2026-07-12,yfinance_fast_info
GABRIEL,177230023,2026-07-12,yfinance_fast_info
GAEL,458670660,2026-07-12,yfinance_fast_info
GAIL,6575079643,2026-07-12,yfinance_fast_info
GALAPREC,12816200,2026-07-12,yfinance_fast_info
GALAXYSURF,36574793,2026-07-12,yfinance_fast_info
GALLANTT,241280945,2026-07-12,yfinance_fast_info
GANDHAR,97879530,2026-07-12,yfinance_fast_info
GANDHITUBE,12152000,2026-07-12,yfinance_fast_info
GANECOS,26762770,2026-07-12,yfinance_fast_info
GANESHBE,71989421,2026-07-12,yfinance_fast_info
GANESHCP,40412946,2026-07-12,yfinance_fast_info
GANESHHOU,83387090,2026-07-12,yfinance_fast_info
GANGESSECU,10003687,2026-07-12,yfinance_fast_info
GARFIBRES,97648345,2026-07-12,yfinance_fast_info
GARUDA,93041742,2026-07-12,yfinance_fast_info
GATECH,1292408130,2026-07-12,yfinance_fast_info
GATECHDVR,1292408130,2026-07-12,yfinance_fast_info
GATEWAY,499643836,2026-07-12,yfinance_fast_info
GAYAHWS,239651900,2026-07-12,yfinance_fast_info
GCSL,22639347,2026-07-12,yfinance_fast_info
GEEKAYWIRE,104520000,2026-07-12,yfinance_fast_info
GEMAROMA,52237138,2026-07-12,yfinance_fast_info
GENCON,56986219,2026-07-12,yfinance_fast_info
GENESYS,41790377,2026-07-12,yfinance_fast_info
GENUSPAPER,257125940,2026-07-12,yfinance_fast_info
GENUSPOWER,276598765,2026-07-12,yfinance_fast_info
GEOJITFSL,279122119,2026-07-12,yfinance_fast_info
GESHIP,142769679,2026-07-12,yfinance_fast_info
GFLLIMITED,109850000,2026-07-12,yfinance_fast_info
GHCL,91664382,2026-07-12,yfinance_fast_info
GHCLTEXTIL,95585786,2026-07-12,yfinance_fast_info
GICHSGFIN,53851066,2026-07-12,yfinance_fast_info
GICL,111954588,2026-07-12,yfinance_fast_info
GICRE,1754400000,2026-07-12,yfinance_fast_info
GILLANDERS,21342346,2026-07-12,yfinance_fast_info
GILLETTE,32585217,2026-07-12,yfinance_fast_info
GIPCL,155215944,2026-07-12,yfinance_fast_info
GKENERGY,202817266,2026-07-12,yfinance_fast_info
GKSL,78843250,2026-07-12,yfinance_fast_info
GKWLIMITED,5966500,2026-07-12,yfinance_fast_info
GLAND,164959682,2026-07-12,yfinance_fast_info
GLAXO,169406034,2026-07-12,yfinance_fast_info
GLENMARK,282200809,2026-07-12,yfinance_fast_info
GLOBAL,50901500,2026-07-12,yfinance_fast_info
GLOBALVECT,14000000,2026-07-12,yfinance_fast_info
GLOBE,450418788,2026-07-12,yfinance_fast_info
GLOBUSSPR,29067968,2026-07-12,yfinance_fast_info
GLOSTERLTD,10943260,2026-07-12,yfinance_fast_info
GMBREW,22846923,2026-07-12,yfinance_fast_info
GMDCLTD,318000000,2026-07-12,yfinance_fast_info
GMMPFAUDLR,44957224,2026-07-12,yfinance_fast_info
GMRAIRPORT,10558975952,2026-07-12,yfinance_fast_info
GMRP&UI,781017529,2026-07-12,yfinance_fast_info
GNA,42930800,2026-07-12,yfinance_fast_info
GNFC,146940683,2026-07-12,yfinance_fast_info
GOACARBON,9151052,2026-07-12,yfinance_fast_info
GOCLCORP,49572490,2026-07-12,yfinance_fast_info
GOCOLORS,52595984,2026-07-12,yfinance_fast_info
GODAVARIB,51175977,2026-07-12,yfinance_fast_info
GODFRYPHLP,155981760,2026-07-12,yfinance_fast_info
GODIGIT,924287149,2026-07-12,yfinance_fast_info
GODREJAGRO,192359967,2026-07-12,yfinance_fast_info
GODREJCP,1023304953,2026-07-12,yfinance_fast_info
GODREJIND,336851055,2026-07-12,yfinance_fast_info
GODREJPROP,301225962,2026-07-12,yfinance_fast_info
GOKEX,73273628,2026-07-12,yfinance_fast_info
GOKUL,98995000,2026-07-12,yfinance_fast_info
GOKULAGRO,295086716,2026-07-12,yfinance_fast_info
GOLDIAM,150557125,2026-07-12,yfinance_fast_info
GOODLUCK,33238509,2026-07-12,yfinance_fast_info
GOODYEAR,23066507,2026-07-12,yfinance_fast_info
GOPAL,124666819,2026-07-12,yfinance_fast_info
GOYALALUM,142732780,2026-07-12,yfinance_fast_info
GPIL,650597430,2026-07-12,yfinance_fast_info
GPPL,483625818,2026-07-12,yfinance_fast_info
GPTHEALTH,82054823,2026-07-12,yfinance_fast_info
GPTINFRA,126364600,2026-07-12,yfinance_fast_info
GRANULES,247796921,2026-07-12,yfinance_fast_info
GRAPHITE,195375594,2026-07-12,yfinance_fast_info
GRASIM,678172811,2026-07-12,yfinance_fast_info
GRAUWEIL,453411500,2026-07-12,yfinance_fast_info
GRAVITA,72836912,2026-07-12,yfinance_fast_info
GREAVESCOT,232951434,2026-07-12,yfinance_fast_info
GREENLAM,255147702,2026-07-12,yfinance_fast_info
GREENPANEL,122627395,2026-07-12,yfinance_fast_info
GREENPLY,124902045,2026-07-12,yfinance_fast_info
GREENPOWER,1173031669,2026-07-12,yfinance_fast_info
GRINDWELL,110720000,2026-07-12,yfinance_fast_info
GRINFRA,96760529,2026-07-12,yfinance_fast_info
GRMOVER,207523860,2026-07-12,yfinance_fast_info
GROBTEA,1162330,2026-07-12,yfinance_fast_info
GROWW,6191576922,2026-07-12,yfinance_fast_info
GRPLTD,5333332,2026-07-12,yfinance_fast_info
GRSE,114552000,2026-07-12,yfinance_fast_info
GRWRHITECH,23232394,2026-07-12,yfinance_fast_info
GSFC,398477530,2026-07-12,yfinance_fast_info
GSLSU,42381818,2026-07-12,yfinance_fast_info
GSPCROP,46518750,2026-07-12,yfinance_fast_info
GTL,157296781,2026-07-12,yfinance_fast_info
GTLINFRA,12809111895,2026-07-12,yfinance_fast_info
GTPL,112463038,2026-07-12,yfinance_fast_info
GUFICBIO,100282506,2026-07-12,yfinance_fast_info
GUJALKALI,73436928,2026-07-12,yfinance_fast_info
GUJAPOLLO,12970000,2026-07-12,yfinance_fast_info
GUJTHEM,109162644,2026-07-12,yfinance_fast_info
GULFOILLUB,49516775,2026-07-12,yfinance_fast_info
GULPOLY,62183424,2026-07-12,yfinance_fast_info
GVPIL,67227471,2026-07-12,yfinance_fast_info
GVPTECH,164878778,2026-07-12,yfinance_fast_info
GVT&D,256046535,2026-07-12,yfinance_fast_info
HAL,668775000,2026-07-12,yfinance_fast_info
HALDER,12438135,2026-07-12,yfinance_fast_info
HALEOSLABS,3023287,2026-07-12,yfinance_fast_info
HAPPSTMNDS,150261936,2026-07-12,yfinance_fast_info
HAPPYFORGE,94378734,2026-07-12,yfinance_fast_info
HARDWYN,488434054,2026-07-12,yfinance_fast_info
HARIOMPIPE,30967289,2026-07-12,yfinance_fast_info
HARRMALAYA,18455405,2026-07-12,yfinance_fast_info
HARSHA,91044105,2026-07-12,yfinance_fast_info
HATHWAY,1770104500,2026-07-12,yfinance_fast_info
HATSUN,222748268,2026-07-12,yfinance_fast_info
HAVELLS,627256842,2026-07-12,yfinance_fast_info
HAVISHA,153535800,2026-07-12,yfinance_fast_info
HAWKINCOOK,5287815,2026-07-12,yfinance_fast_info
HBLENGINE,277194946,2026-07-12,yfinance_fast_info
HCC,2619468062,2026-07-12,yfinance_fast_info
HCG,149302203,2026-07-12,yfinance_fast_info
HCLTECH,2705766714,2026-07-12,yfinance_fast_info
HDBFS,828426506,2026-07-12,yfinance_fast_info
HDFCAMC,428653254,2026-07-12,yfinance_fast_info
HDFCBANK,15401207156,2026-07-12,yfinance_fast_info
HDFCLIFE,2171935147,2026-07-12,yfinance_fast_info
HEADSUP,22082609,2026-07-12,yfinance_fast_info
HEALTHX,31810500,2026-07-12,yfinance_fast_info
HECPROJECT,10838160,2026-07-12,yfinance_fast_info
HEG,192977530,2026-07-12,yfinance_fast_info
HEIDELBERG,226631309,2026-07-12,yfinance_fast_info
HEMIPROP,285124736,2026-07-12,yfinance_fast_info
HERANBA,40013467,2026-07-12,yfinance_fast_info
HERITGFOOD,92796000,2026-07-12,yfinance_fast_info
HEROMOTOCO,200092938,2026-07-12,yfinance_fast_info
HESTERBIO,8506865,2026-07-12,yfinance_fast_info
HEXATRADEX,55244704,2026-07-12,yfinance_fast_info
HEXT,609457182,2026-07-12,yfinance_fast_info
HFCL,1530263663,2026-07-12,yfinance_fast_info
HGINFRA,65171111,2026-07-12,yfinance_fast_info
HGM,12594972,2026-07-12,yfinance_fast_info
HGS,46520285,2026-07-12,yfinance_fast_info
HIKAL,123300750,2026-07-12,yfinance_fast_info
HIMATSEIDE,125742289,2026-07-12,yfinance_fast_info
HINDALCO,2219837078,2026-07-12,yfinance_fast_info
HINDCOMPOS,14769000,2026-07-12,yfinance_fast_info
HINDCOPPER,967024020,2026-07-12,yfinance_fast_info
HINDOILEXP,132243289,2026-07-12,yfinance_fast_info
HINDPETRO,2127822517,2026-07-12,yfinance_fast_info
HINDUNILVR,2349591262,2026-07-12,yfinance_fast_info
HINDWAREAP,83646357,2026-07-12,yfinance_fast_info
HINDZINC,4225319000,2026-07-12,yfinance_fast_info
HIRECT,34372239,2026-07-12,yfinance_fast_info
HISARMETAL,5400000,2026-07-12,yfinance_fast_info
HITECH,202710234,2026-07-12,yfinance_fast_info
HLEGLAS,69454739,2026-07-12,yfinance_fast_info
HLVLTD,659259899,2026-07-12,yfinance_fast_info
HMAAGRO,500769770,2026-07-12,yfinance_fast_info
HMVL,73514821,2026-07-12,yfinance_fast_info
HNDFDS,121162702,2026-07-12,yfinance_fast_info
HOMEFIRST,104525221,2026-07-12,yfinance_fast_info
HONASA,326024216,2026-07-12,yfinance_fast_info
HONAUT,8847359,2026-07-12,yfinance_fast_info
HONDAPOWER,10143071,2026-07-12,yfinance_fast_info
HPAL,91874735,2026-07-12,yfinance_fast_info
HPIL,11424110,2026-07-12,yfinance_fast_info
HPL,64300486,2026-07-12,yfinance_fast_info
HSCL,504560599,2026-07-12,yfinance_fast_info
HTMEDIA,231320042,2026-07-12,yfinance_fast_info
HUBTOWN,142100657,2026-07-12,yfinance_fast_info
HUDCO,2001900000,2026-07-12,yfinance_fast_info
HUHTAMAKI,75521934,2026-07-12,yfinance_fast_info
HYUNDAI,812541100,2026-07-12,yfinance_fast_info
ICDSLTD,13026700,2026-07-12,yfinance_fast_info
ICEMAKE,15779736,2026-07-12,yfinance_fast_info
ICICIAMC,494258520,2026-07-12,yfinance_fast_info
ICICIBANK,7173031233,2026-07-12,yfinance_fast_info
ICICIGI,499329702,2026-07-12,yfinance_fast_info
ICICIPRULI,1449752494,2026-07-12,yfinance_fast_info
ICIL,198054340,2026-07-12,yfinance_fast_info
ICRA,9625105,2026-07-12,yfinance_fast_info
IDBI,10752402175,2026-07-12,yfinance_fast_info
IDEA,108343035001,2026-07-12,yfinance_fast_info
IDFCFIRSTB,8614735794,2026-07-12,yfinance_fast_info
IEX,889727189,2026-07-12,yfinance_fast_info
IFBIND,40518796,2026-07-12,yfinance_fast_info
IFCI,2694314331,2026-07-12,yfinance_fast_info
IFGLEXPOR,72078624,2026-07-12,yfinance_fast_info
IGARASHI,31475048,2026-07-12,yfinance_fast_info
IGCL,63223997,2026-07-12,yfinance_fast_info
IGIL,432159696,2026-07-12,yfinance_fast_info
IGL,1400001600,2026-07-12,yfinance_fast_info
IGPL,30794850,2026-07-12,yfinance_fast_info
IIFL,425289575,2026-07-12,yfinance_fast_info
IIFLCAPS,313450564,2026-07-12,yfinance_fast_info
IITL,22547550,2026-07-12,yfinance_fast_info
IKIO,77280701,2026-07-12,yfinance_fast_info
IKS,167748478,2026-07-12,yfinance_fast_info
IMAGICAA,565861447,2026-07-12,yfinance_fast_info
IMFA,53954106,2026-07-12,yfinance_fast_info
IMPAL,12480000,2026-07-12,yfinance_fast_info
INA,220449375,2026-07-12,yfinance_fast_info
INCREDIBLE,46763750,2026-07-12,yfinance_fast_info
INDBANK,44378200,2026-07-12,yfinance_fast_info
INDGN,240901354,2026-07-12,yfinance_fast_info
INDHOTEL,1423432227,2026-07-12,yfinance_fast_info
INDIACEM,464845219,2026-07-12,yfinance_fast_info
INDIAGLYCO,67026765,2026-07-12,yfinance_fast_info
INDIAMART,60138656,2026-07-12,yfinance_fast_info
INDIANB,1346963981,2026-07-12,yfinance_fast_info
INDIANCARD,5941120,2026-07-12,yfinance_fast_info
INDIANHUME,52681770,2026-07-12,yfinance_fast_info
INDIASHLTR,108854555,2026-07-12,yfinance_fast_info
INDIGO,386666597,2026-07-12,yfinance_fast_info
INDIGOPNTS,47675662,2026-07-12,yfinance_fast_info
INDIQUBE,211997635,2026-07-12,yfinance_fast_info
INDNIPPON,22621424,2026-07-12,yfinance_fast_info
INDOBORAX,32090000,2026-07-12,yfinance_fast_info
INDOCO,92173705,2026-07-12,yfinance_fast_info
INDOFARM,48051600,2026-07-12,yfinance_fast_info
INDORAMA,261113151,2026-07-12,yfinance_fast_info
INDOSTAR,161585007,2026-07-12,yfinance_fast_info
INDOTHAI,128618190,2026-07-12,yfinance_fast_info
INDOUS,20052000,2026-07-12,yfinance_fast_info
INDRAMEDCO,91673000,2026-07-12,yfinance_fast_info
INDSWFTLAB,86961558,2026-07-12,yfinance_fast_info
INDTERRAIN,50667367,2026-07-12,yfinance_fast_info
INDUSINDBK,779132752,2026-07-12,yfinance_fast_info
INDUSTOWER,2637189804,2026-07-12,yfinance_fast_info
INFOBEAN,96959440,2026-07-12,yfinance_fast_info
INFOMEDIA,50194172,2026-07-12,yfinance_fast_info
INFY,4048927919,2026-07-12,yfinance_fast_info
INGERRAND,31568000,2026-07-12,yfinance_fast_info
INNOVACAP,57224929,2026-07-12,yfinance_fast_info
INNOVANA,20660000,2026-07-12,yfinance_fast_info
INNOVISION,23813294,2026-07-12,yfinance_fast_info
INOXGREEN,401492045,2026-07-12,yfinance_fast_info
INOXINDIA,90763500,2026-07-12,yfinance_fast_info
INOXWIND,1728237822,2026-07-12,yfinance_fast_info
INSECTICID,29097837,2026-07-12,yfinance_fast_info
INTELLECT,139233289,2026-07-12,yfinance_fast_info
INTENTECH,23356353,2026-07-12,yfinance_fast_info
INTERARCH,16771853,2026-07-12,yfinance_fast_info
INTLCONV,63781000,2026-07-12,yfinance_fast_info
INVENTURE,1050000000,2026-07-12,yfinance_fast_info
IOB,19256589795,2026-07-12,yfinance_fast_info
IOC,14121238383,2026-07-12,yfinance_fast_info
IOLCP,293527510,2026-07-12,yfinance_fast_info
IONEXCHANG,122930450,2026-07-12,yfinance_fast_info
IPCALAB,253704218,2026-07-12,yfinance_fast_info
IPL,115163508,2026-07-12,yfinance_fast_info
IRB,12078000000,2026-07-12,yfinance_fast_info
IRCON,940515740,2026-07-12,yfinance_fast_info
IRCTC,800000000,2026-07-12,yfinance_fast_info
IREDA,2809231268,2026-07-12,yfinance_fast_info
IRFC,13068506000,2026-07-12,yfinance_fast_info
IRIS,20568247,2026-07-12,yfinance_fast_info
IRISDOREME,170678411,2026-07-12,yfinance_fast_info
IRMENERGY,41059677,2026-07-12,yfinance_fast_info
ISFT,16311678,2026-07-12,yfinance_fast_info
ISGEC,73529510,2026-07-12,yfinance_fast_info
ISHANCH,27327529,2026-07-12,yfinance_fast_info
ITC,12529468231,2026-07-12,yfinance_fast_info
ITCHOTELS,2082976309,2026-07-12,yfinance_fast_info
ITDC,85769400,2026-07-12,yfinance_fast_info
ITI,962851967,2026-07-12,yfinance_fast_info
IVALUE,54630380,2026-07-12,yfinance_fast_info
IVC,314032740,2026-07-12,yfinance_fast_info
IXIGO,438669111,2026-07-12,yfinance_fast_info
IZMO,14962576,2026-07-12,yfinance_fast_info
J&KBANK,1101182463,2026-07-12,yfinance_fast_info
JAGRAN,217654272,2026-07-12,yfinance_fast_info
JAGSNPHARM,65835470,2026-07-12,yfinance_fast_info
JAICORPLTD,175504995,2026-07-12,yfinance_fast_info
JAINREC,345085814,2026-07-12,yfinance_fast_info
JAIPURKURT,17261606,2026-07-12,yfinance_fast_info
JAMNAAUTO,399985135,2026-07-12,yfinance_fast_info
JARO,22270387,2026-07-12,yfinance_fast_info
JASH,62905120,2026-07-12,yfinance_fast_info
JAYAGROGN,30000000,2026-07-12,yfinance_fast_info
JAYBARMARU,108250000,2026-07-12,yfinance_fast_info
JAYKAY,130287066,2026-07-12,yfinance_fast_info
JAYNECOIND,970998244,2026-07-12,yfinance_fast_info
JAYSREETEA,28877488,2026-07-12,yfinance_fast_info
JBCHEPHARM,160558706,2026-07-12,yfinance_fast_info
JBMA,236494264,2026-07-12,yfinance_fast_info
JGCHEM,39186063,2026-07-12,yfinance_fast_info
JHS,87405767,2026-07-12,yfinance_fast_info
JINDALPHOT,10297466,2026-07-12,yfinance_fast_info
JINDALPOLY,43786413,2026-07-12,yfinance_fast_info
JINDALSAW,637621094,2026-07-12,yfinance_fast_info
JINDALSTEL,1017488097,2026-07-12,yfinance_fast_info
JINDRILL,28981104,2026-07-12,yfinance_fast_info
JINDWORLD,1002602000,2026-07-12,yfinance_fast_info
JIOFIN,6603141623,2026-07-12,yfinance_fast_info
JISLDVREQS,733510251,2026-07-12,yfinance_fast_info
JISLJALEQS,733510251,2026-07-12,yfinance_fast_info
JITFINFRA,25703706,2026-07-12,yfinance_fast_info
JKCEMENT,77268251,2026-07-12,yfinance_fast_info
JKIL,75665506,2026-07-12,yfinance_fast_info
JKLAKSHMI,124144426,2026-07-12,yfinance_fast_info
JKPAPER,181318771,2026-07-12,yfinance_fast_info
JKTYRE,288289511,2026-07-12,yfinance_fast_info
JLHL,65566022,2026-07-12,yfinance_fast_info
JMA,22841054,2026-07-12,yfinance_fast_info
JMFINANCIL,956959936,2026-07-12,yfinance_fast_info
JNKINDIA,55953915,2026-07-12,yfinance_fast_info
JPOLYINVST,10511929,2026-07-12,yfinance_fast_info
JPPOWER,6853458827,2026-07-12,yfinance_fast_info
JSFB,105341046,2026-07-12,yfinance_fast_info
JSL,823949824,2026-07-12,yfinance_fast_info
JSLL,124300730,2026-07-12,yfinance_fast_info
JSWCEMENT,1341254801,2026-07-12,yfinance_fast_info
JSWDULUX,45540314,2026-07-12,yfinance_fast_info
JSWENERGY,1832381761,2026-07-12,yfinance_fast_info
JSWHL,11098438,2026-07-12,yfinance_fast_info
JSWINFRA,2315161753,2026-07-12,yfinance_fast_info
JSWSTEEL,2440826972,2026-07-12,yfinance_fast_info
JTEKTINDIA,277396890,2026-07-12,yfinance_fast_info
JTLIND,393081630,2026-07-12,yfinance_fast_info
JUBLCPL,15152493,2026-07-12,yfinance_fast_info
JUBLFOOD,657674557,2026-07-12,yfinance_fast_info
JUBLINGREA,157716549,2026-07-12,yfinance_fast_info
JUBLPHARMA,158387168,2026-07-12,yfinance_fast_info
JUNIPER,222502384,2026-07-12,yfinance_fast_info
JUSTDIAL,85049032,2026-07-12,yfinance_fast_info
JWL,427370389,2026-07-12,yfinance_fast_info
JYOTHYLAB,367214511,2026-07-12,yfinance_fast_info
JYOTICNC,227423096,2026-07-12,yfinance_fast_info
JYOTISTRUC,1193659937,2026-07-12,yfinance_fast_info
KABRAEXTRU,34972836,2026-07-12,yfinance_fast_info
KAJARIACER,159293050,2026-07-12,yfinance_fast_info
KALAMANDIR,147349967,2026-07-12,yfinance_fast_info
KALPATARU,205913993,2026-07-12,yfinance_fast_info
KALYANIFRG,3638000,2026-07-12,yfinance_fast_info
KALYANKJIL,1032740207,2026-07-12,yfinance_fast_info
KAMATHOTEL,29480072,2026-07-12,yfinance_fast_info
KAMOPAINTS,329000000,2026-07-12,yfinance_fast_info
KANANIIND,197868000,2026-07-12,yfinance_fast_info
KANPRPLA,24012458,2026-07-12,yfinance_fast_info
KANSAINER,808714470,2026-07-12,yfinance_fast_info
KAPSTON,30432184,2026-07-12,yfinance_fast_info
KARMAENG,11569918,2026-07-12,yfinance_fast_info
KARURVYSYA,966618947,2026-07-12,yfinance_fast_info
KAVDEFENCE,60124260,2026-07-12,yfinance_fast_info
KAYA,15187609,2026-07-12,yfinance_fast_info
KAYNES,67034654,2026-07-12,yfinance_fast_info
KCP,128921160,2026-07-12,yfinance_fast_info
KCPSUGIND,114282557,2026-07-12,yfinance_fast_info
KDDL,12299280,2026-07-12,yfinance_fast_info
KEC,266200000,2026-07-12,yfinance_fast_info
KEEPLEARN,155712083,2026-07-12,yfinance_fast_info
KEI,95600595,2026-07-12,yfinance_fast_info
KELLTONTEC,531404670,2026-07-12,yfinance_fast_info
KENNAMET,21978240,2026-07-12,yfinance_fast_info
KERNEX,16803622,2026-07-12,yfinance_fast_info
KEYFINSERV,5566637,2026-07-12,yfinance_fast_info
KFINTECH,172846295,2026-07-12,yfinance_fast_info
KHANDSE,15253805,2026-07-12,yfinance_fast_info
KICL,4365306,2026-07-12,yfinance_fast_info
KIMS,400138935,2026-07-12,yfinance_fast_info
KINGFA,13551381,2026-07-12,yfinance_fast_info
KIOCL,607751097,2026-07-12,yfinance_fast_info
KIRIINDUS,65168000,2026-07-12,yfinance_fast_info
KIRLFER,164992384,2026-07-12,yfinance_fast_info
KIRLOSBROS,79408926,2026-07-12,yfinance_fast_info
KIRLOSENG,145506298,2026-07-12,yfinance_fast_info
KIRLOSIND,10523269,2026-07-12,yfinance_fast_info
KIRLPNU,64963190,2026-07-12,yfinance_fast_info
KISSHT,168483022,2026-07-12,yfinance_fast_info
KITEX,199500000,2026-07-12,yfinance_fast_info
KKCL,61625185,2026-07-12,yfinance_fast_info
KMEW,24600000,2026-07-12,yfinance_fast_info
KMSUGAR,92000170,2026-07-12,yfinance_fast_info
KNACK,122365164,2026-07-12,yfinance_fast_info
KNAGRI,24998910,2026-07-12,yfinance_fast_info
KNRCON,281234600,2026-07-12,yfinance_fast_info
KOHINOOR,37071530,2026-07-12,yfinance_fast_info
KOKUYOCMLN,100303806,2026-07-12,yfinance_fast_info
KOLTEPATIL,88680094,2026-07-12,yfinance_fast_info
KOTAKBANK,9946464950,2026-07-12,yfinance_fast_info
KOTARISUG,82888581,2026-07-12,yfinance_fast_info
KOTHARIPET,58846400,2026-07-12,yfinance_fast_info
KOTHARIPRO,59687730,2026-07-12,yfinance_fast_info
KOVAI,10942262,2026-07-12,yfinance_fast_info
KPEL,67798099,2026-07-12,yfinance_fast_info
KPIGREEN,197671968,2026-07-12,yfinance_fast_info
KPIL,170772546,2026-07-12,yfinance_fast_info
KPITTECH,272227219,2026-07-12,yfinance_fast_info
KPRMILL,342522549,2026-07-12,yfinance_fast_info
KRBL,228889892,2026-07-12,yfinance_fast_info
KREBSBIO,21560586,2026-07-12,yfinance_fast_info
KRISHANA,309138000,2026-07-12,yfinance_fast_info
KRISHIVAL,25628301,2026-07-12,yfinance_fast_info
KRISHNADEF,14933388,2026-07-12,yfinance_fast_info
KRITIKA,266280000,2026-07-12,yfinance_fast_info
KRONOX,37104000,2026-07-12,yfinance_fast_info
KROSS,64509422,2026-07-12,yfinance_fast_info
KRSNAA,32438672,2026-07-12,yfinance_fast_info
KRYSTAL,13971952,2026-07-12,yfinance_fast_info
KSB,174039220,2026-07-12,yfinance_fast_info
KSCL,51040869,2026-07-12,yfinance_fast_info
KSHINTL,67755700,2026-07-12,yfinance_fast_info
KSL,43653060,2026-07-12,yfinance_fast_info
KSOLVES,23720400,2026-07-12,yfinance_fast_info
KSR,18378382,2026-07-12,yfinance_fast_info
KTKBANK,378181562,2026-07-12,yfinance_fast_info
KUANTUM,87263630,2026-07-12,yfinance_fast_info
KWIL,2349591263,2026-07-12,yfinance_fast_info
LAGNAM,17669000,2026-07-12,yfinance_fast_info
LAL,172736551,2026-07-12,yfinance_fast_info
LALPATHLAB,166977774,2026-07-12,yfinance_fast_info
LAMBODHARA,10377600,2026-07-12,yfinance_fast_info
LANCORHOL,73550560,2026-07-12,yfinance_fast_info
LANDMARK,41464910,2026-07-12,yfinance_fast_info
LANDSMILL,1410695055,2026-07-12,yfinance_fast_info
LAOPALA,111000000,2026-07-12,yfinance_fast_info
LASA,50101239,2026-07-12,yfinance_fast_info
LATENTVIEW,206924980,2026-07-12,yfinance_fast_info
LAURUSLABS,540249583,2026-07-12,yfinance_fast_info
LAXMICOT,17147670,2026-07-12,yfinance_fast_info
LAXMIDENTL,54962149,2026-07-12,yfinance_fast_info
LCCINFOTEC,126593350,2026-07-12,yfinance_fast_info
LEMERITE,125168000,2026-07-12,yfinance_fast_info
LEMONTREE,791847623,2026-07-12,yfinance_fast_info
LENSKART,1731440176,2026-07-12,yfinance_fast_info
LEXUS,20190724,2026-07-12,yfinance_fast_info
LFIC,3000000,2026-07-12,yfinance_fast_info
LGBBROSLTD,31896872,2026-07-12,yfinance_fast_info
LGEINDIA,678772392,2026-07-12,yfinance_fast_info
LGHL,50092560,2026-07-12,yfinance_fast_info
LIBAS,26344580,2026-07-12,yfinance_fast_info
LIBERTSHOE,17040000,2026-07-12,yfinance_fast_info
LICHSGFIN,550063000,2026-07-12,yfinance_fast_info
LICI,12649995402,2026-07-12,yfinance_fast_info
LIKHITHA,39472710,2026-07-12,yfinance_fast_info
LINC,59505603,2026-07-12,yfinance_fast_info
LINCOLN,20029728,2026-07-12,yfinance_fast_info
LINDEINDIA,85284223,2026-07-12,yfinance_fast_info
LLOYDSENGG,1425273344,2026-07-12,yfinance_fast_info
LLOYDSENT,1526551945,2026-07-12,yfinance_fast_info
LLOYDSME,562678119,2026-07-12,yfinance_fast_info
LMW,10683000,2026-07-12,yfinance_fast_info
LODHA,998915116,2026-07-12,yfinance_fast_info
LORDSCHLO,28653861,2026-07-12,yfinance_fast_info
LOTUSDEV,488723710,2026-07-12,yfinance_fast_info
LOTUSEYE,21257465,2026-07-12,yfinance_fast_info
LOVABLE,14800000,2026-07-12,yfinance_fast_info
LOYALTEX,4816446,2026-07-12,yfinance_fast_info
LPDC,134143160,2026-07-12,yfinance_fast_info
LT,1375729178,2026-07-12,yfinance_fast_info
LTF,2505660198,2026-07-12,yfinance_fast_info
LTFOODS,347252944,2026-07-12,yfinance_fast_info
LTM,296461217,2026-07-12,yfinance_fast_info
LTTS,106068593,2026-07-12,yfinance_fast_info
LUMAXIND,9347732,2026-07-12,yfinance_fast_info
LUMAXTECH,68157705,2026-07-12,yfinance_fast_info
LUPIN,457234894,2026-07-12,yfinance_fast_info
LUXIND,30071681,2026-07-12,yfinance_fast_info
LXCHEM,277211567,2026-07-12,yfinance_fast_info
LYPSAGEMS,29484000,2026-07-12,yfinance_fast_info
M&M,1200762264,2026-07-12,yfinance_fast_info
M&MFIN,1389545161,2026-07-12,yfinance_fast_info
MAANALU,59984864,2026-07-12,yfinance_fast_info
MACPOWER,10004160,2026-07-12,yfinance_fast_info
MADHAV,8947000,2026-07-12,yfinance_fast_info
MADRASFERT,161101300,2026-07-12,yfinance_fast_info
MAFATIND,72178930,2026-07-12,yfinance_fast_info
MAGADSUGAR,14091630,2026-07-12,yfinance_fast_info
MAGNUM,68411317,2026-07-12,yfinance_fast_info
MAHABANK,7691554950,2026-07-12,yfinance_fast_info
MAHAPEXLTD,28183792,2026-07-12,yfinance_fast_info
MAHASTEEL,16434400,2026-07-12,yfinance_fast_info
MAHEPC,28077040,2026-07-12,yfinance_fast_info
MAHLIFE,213342715,2026-07-12,yfinance_fast_info
MAHLOG,99222483,2026-07-12,yfinance_fast_info
MAHSCOOTER,11428568,2026-07-12,yfinance_fast_info
MAHSEAMLES,133999252,2026-07-12,yfinance_fast_info
MAITHANALL,29111550,2026-07-12,yfinance_fast_info
MAJESAUT,10397478,2026-07-12,yfinance_fast_info
MALLCOM,6240000,2026-07-12,yfinance_fast_info
MALUPAPER,17474505,2026-07-12,yfinance_fast_info
MAMATA,24607800,2026-07-12,yfinance_fast_info
MANAKALUCO,65534050,2026-07-12,yfinance_fast_info
MANAKCOAT,106634050,2026-07-12,yfinance_fast_info
MANAKSIA,65534050,2026-07-12,yfinance_fast_info
MANALIPETC,171999229,2026-07-12,yfinance_fast_info
MANAPPURAM,939336102,2026-07-12,yfinance_fast_info
MANBA,50239410,2026-07-12,yfinance_fast_info
MANCREDIT,21113986,2026-07-12,yfinance_fast_info
MANGALAM,15828248,2026-07-12,yfinance_fast_info
MANGLMCEM,27497298,2026-07-12,yfinance_fast_info
MANINDS,75009571,2026-07-12,yfinance_fast_info
MANINFRA,403666505,2026-07-12,yfinance_fast_info
MANKIND,412995978,2026-07-12,yfinance_fast_info
MANOMAY,18048735,2026-07-12,yfinance_fast_info
MANORAMA,63122390,2026-07-12,yfinance_fast_info
MANYAVAR,242977245,2026-07-12,yfinance_fast_info
MAPMYINDIA,54761056,2026-07-12,yfinance_fast_info
MARATHON,67420546,2026-07-12,yfinance_fast_info
MARICO,1295885046,2026-07-12,yfinance_fast_info
MARINE,132665250,2026-07-12,yfinance_fast_info
MARKOLINES,22040920,2026-07-12,yfinance_fast_info
MARKSANS,453163746,2026-07-12,yfinance_fast_info
MARSONS,172100000,2026-07-12,yfinance_fast_info
MARUTI,314402574,2026-07-12,yfinance_fast_info
MASFIN,181453377,2026-07-12,yfinance_fast_info
MASTEK,31000782,2026-07-12,yfinance_fast_info
MASTERTR,123016000,2026-07-12,yfinance_fast_info
MATRIMONY,20670293,2026-07-12,yfinance_fast_info
MAXESTATES,163513410,2026-07-12,yfinance_fast_info
MAXHEALTH,973243789,2026-07-12,yfinance_fast_info
MAXIND,52582862,2026-07-12,yfinance_fast_info
MAYURUNIQ,43452600,2026-07-12,yfinance_fast_info
MAZDOCK,403380000,2026-07-12,yfinance_fast_info
MBAPL,438134700,2026-07-12,yfinance_fast_info
MBEL,57148215,2026-07-12,yfinance_fast_info
MCL,27142800,2026-07-12,yfinance_fast_info
MCLOUD,589067120,2026-07-12,yfinance_fast_info
MCX,254514090,2026-07-12,yfinance_fast_info
MEDANTA,268718832,2026-07-12,yfinance_fast_info
MEDIASSIST,74701842,2026-07-12,yfinance_fast_info
MEDICAMEQ,13562815,2026-07-12,yfinance_fast_info
MEDICO,82984000,2026-07-12,yfinance_fast_info
MEDPLUS,120085800,2026-07-12,yfinance_fast_info
MEESHO,4622111746,2026-07-12,yfinance_fast_info
MEGASTAR,11293700,2026-07-12,yfinance_fast_info
METROBRAND,272565341,2026-07-12,yfinance_fast_info
METROGLOBL,12334375,2026-07-12,yfinance_fast_info
METROPOLIS,207368868,2026-07-12,yfinance_fast_info
MFML,10620275,2026-07-12,yfinance_fast_info
MFSL,343446614,2026-07-12,yfinance_fast_info
MGL,98777779,2026-07-12,yfinance_fast_info
MHLXMIRU,10620275,2026-07-12,yfinance_fast_info
MHRIL,201676778,2026-07-12,yfinance_fast_info
MIDHANI,187340000,2026-07-12,yfinance_fast_info
MIDWESTLTD,36160816,2026-07-12,yfinance_fast_info
MINDACORP,235360911,2026-07-12,yfinance_fast_info
MINDTECK,31954221,2026-07-12,yfinance_fast_info
MIRZAINT,138201900,2026-07-12,yfinance_fast_info
MITTAL,443900775,2026-07-12,yfinance_fast_info
MKPL,377227216,2026-07-12,yfinance_fast_info
MMFL,48281600,2026-07-12,yfinance_fast_info
MMP,25402613,2026-07-12,yfinance_fast_info
MMTC,1500000000,2026-07-12,yfinance_fast_info
MOBIKWIK,78746917,2026-07-12,yfinance_fast_info
MODIRUBBER,25040532,2026-07-12,yfinance_fast_info
MODIS,19591200,2026-07-12,yfinance_fast_info
MODTHREAD,34775160,2026-07-12,yfinance_fast_info
MOHITIND,14157575,2026-07-12,yfinance_fast_info
MOIL,203485211,2026-07-12,yfinance_fast_info
MOKSH,83748968,2026-07-12,yfinance_fast_info
MOL,254314211,2026-07-12,yfinance_fast_info
MOLDTECH,28805118,2026-07-12,yfinance_fast_info
MOLDTKPAC,33228914,2026-07-12,yfinance_fast_info
MONARCH,79308338,2026-07-12,yfinance_fast_info
MONEYBOXX,69809200,2026-07-12,yfinance_fast_info
MONTECARLO,20732064,2026-07-12,yfinance_fast_info
MOREPENLAB,547953699,2026-07-12,yfinance_fast_info
MOSCHIP,194272240,2026-07-12,yfinance_fast_info
MOTHERSON,10531231231,2026-07-12,yfinance_fast_info
MOTILALOFS,602146704,2026-07-12,yfinance_fast_info
MOTISONS,1137506600,2026-07-12,yfinance_fast_info
MPHASIS,190817050,2026-07-12,yfinance_fast_info
MPSLTD,16975533,2026-07-12,yfinance_fast_info
MRF,4241143,2026-07-12,yfinance_fast_info
MRPL,1752598777,2026-07-12,yfinance_fast_info
MSPL,566796645,2026-07-12,yfinance_fast_info
MSTCLTD,70400000,2026-07-12,yfinance_fast_info
MSUMI,6631661898,2026-07-12,yfinance_fast_info
MTNL,630000000,2026-07-12,yfinance_fast_info
MUFIN,198162188,2026-07-12,yfinance_fast_info
MUFTI,65394103,2026-07-12,yfinance_fast_info
MUKANDLTD,144495563,2026-07-12,yfinance_fast_info
MUKKA,300000000,2026-07-12,yfinance_fast_info
MUNJALAU,100000000,2026-07-12,yfinance_fast_info
MUNJALSHOW,39995000,2026-07-12,yfinance_fast_info
MURUDCERA,60545260,2026-07-12,yfinance_fast_info
MUTHOOTCAP,16447533,2026-07-12,yfinance_fast_info
MUTHOOTFIN,401468476,2026-07-12,yfinance_fast_info
MUTHOOTMF,167766677,2026-07-12,yfinance_fast_info
MVGJL,48847441,2026-07-12,yfinance_fast_info
MWL,297006740,2026-07-12,yfinance_fast_info
NACLIND,234243330,2026-07-12,yfinance_fast_info
NAGREEKEXP,31249250,2026-07-12,yfinance_fast_info
NAHARCAP,16746167,2026-07-12,yfinance_fast_info
NAHARINDUS,43205581,2026-07-12,yfinance_fast_info
NAHARPOLY,24587991,2026-07-12,yfinance_fast_info
NARMADA,37936399,2026-07-12,yfinance_fast_info
NATCAPSUQ,10411154,2026-07-12,yfinance_fast_info
NATCOPHARM,179109870,2026-07-12,yfinance_fast_info
NATHBIOGEN,19030423,2026-07-12,yfinance_fast_info
NATIONALUM,1836631787,2026-07-12,yfinance_fast_info
NAUKRI,647737438,2026-07-12,yfinance_fast_info
NAVA,283255096,2026-07-12,yfinance_fast_info
NAVINFLUOR,51285959,2026-07-12,yfinance_fast_info
NAVKARCORP,150519181,2026-07-12,yfinance_fast_info
NAVNETEDUL,221213181,2026-07-12,yfinance_fast_info
NAZARA,370465024,2026-07-12,yfinance_fast_info
NBCC,2700000000,2026-07-12,yfinance_fast_info
NBIFIN,2954850,2026-07-12,yfinance_fast_info
NCC,627846588,2026-07-12,yfinance_fast_info
NCLIND,45232790,2026-07-12,yfinance_fast_info
NDGL,1000000,2026-07-12,yfinance_fast_info
NDL,1441471680,2026-07-12,yfinance_fast_info
NDLVENTURE,33671621,2026-07-12,yfinance_fast_info
NDRAUTO,23855240,2026-07-12,yfinance_fast_info
NDTV,112824717,2026-07-12,yfinance_fast_info
NELCAST,87243660,2026-07-12,yfinance_fast_info
NELCO,22818400,2026-07-12,yfinance_fast_info
NEOGEN,27381674,2026-07-12,yfinance_fast_info
NEPHROPLUS,100340717,2026-07-12,yfinance_fast_info
NESCO,70459960,2026-07-12,yfinance_fast_info
NESTLEIND,1928314320,2026-07-12,yfinance_fast_info
NETWEB,56940687,2026-07-12,yfinance_fast_info
NETWORK18,1544487688,2026-07-12,yfinance_fast_info
NEULANDLAB,12829889,2026-07-12,yfinance_fast_info
NEWGEN,141159509,2026-07-12,yfinance_fast_info
NEXTMEDIA,66892908,2026-07-12,yfinance_fast_info
NFL,490578400,2026-07-12,yfinance_fast_info
NGLFINE,6178024,2026-07-12,yfinance_fast_info
NH,203099835,2026-07-12,yfinance_fast_info
NHPC,10045034805,2026-07-12,yfinance_fast_info
NIACL,1648000000,2026-07-12,yfinance_fast_info
NIBE,15261273,2026-07-12,yfinance_fast_info
NIBL,24230650,2026-07-12,yfinance_fast_info
NIITLTD,136653763,2026-07-12,yfinance_fast_info
NIITMTS,137520439,2026-07-12,yfinance_fast_info
NILAINFRA,393889200,2026-07-12,yfinance_fast_info
NILASPACES,393889200,2026-07-12,yfinance_fast_info
NILKAMAL,14972296,2026-07-12,yfinance_fast_info
NIPPOBATRY,7500000,2026-07-12,yfinance_fast_info
NIRAJISPAT,600000,2026-07-12,yfinance_fast_info
NIRLON,90118040,2026-07-12,yfinance_fast_info
NITCO,240566105,2026-07-12,yfinance_fast_info
NITINSPIN,56220000,2026-07-12,yfinance_fast_info
NITIRAJ,10251000,2026-07-12,yfinance_fast_info
NITTAGELA,9079160,2026-07-12,yfinance_fast_info
NIVABUPA,1849233703,2026-07-12,yfinance_fast_info
NKIND,6009900,2026-07-12,yfinance_fast_info
NLCINDIA,1386636609,2026-07-12,yfinance_fast_info
NMDC,8791817550,2026-07-12,yfinance_fast_info
NOCIL,167024930,2026-07-12,yfinance_fast_info
NORBTEAEXP,15544100,2026-07-12,yfinance_fast_info
NORTHARC,161601009,2026-07-12,yfinance_fast_info
NOVARTIND,24690797,2026-07-12,yfinance_fast_info
NPST,20863500,2026-07-12,yfinance_fast_info
NRAIL,17019100,2026-07-12,yfinance_fast_info
NRBBEARING,96922600,2026-07-12,yfinance_fast_info
NSIL,5136163,2026-07-12,yfinance_fast_info
NSLNISP,2930605850,2026-07-12,yfinance_fast_info
NTPC,9696666134,2026-07-12,yfinance_fast_info
NTPCGREEN,8426329669,2026-07-12,yfinance_fast_info
NUCLEUS,26325306,2026-07-12,yfinance_fast_info
NURECA,9998488,2026-07-12,yfinance_fast_info
NUVAMA,182528816,2026-07-12,yfinance_fast_info
NUVOCO,357156153,2026-07-12,yfinance_fast_info
NYKAA,2863887743,2026-07-12,yfinance_fast_info
OAL,33653576,2026-07-12,yfinance_fast_info
OBCL,21082790,2026-07-12,yfinance_fast_info
OBEROIRLTY,363602237,2026-07-12,yfinance_fast_info
OFSS,87072139,2026-07-12,yfinance_fast_info
OIL,1626607791,2026-07-12,yfinance_fast_info
OLAELEC,4418680703,2026-07-12,yfinance_fast_info
OLECTRA,82080737,2026-07-12,yfinance_fast_info
OMAXE,183654284,2026-07-12,yfinance_fast_info
OMINFRAL,96303809,2026-07-12,yfinance_fast_info
OMNI,123666020,2026-07-12,yfinance_fast_info
ONEPOINT,262497155,2026-07-12,yfinance_fast_info
ONESOURCE,114669991,2026-07-12,yfinance_fast_info
ONGC,12580279206,2026-07-12,yfinance_fast_info
ONWARDTEC,21933211,2026-07-12,yfinance_fast_info
OPTIEMUS,88688783,2026-07-12,yfinance_fast_info
ORCHASP,346425366,2026-07-12,yfinance_fast_info
ORCHPHARMA,50719105,2026-07-12,yfinance_fast_info
ORICONENT,157989688,2026-07-12,yfinance_fast_info
ORIENTALTL,73507265,2026-07-12,yfinance_fast_info
ORIENTBELL,14710476,2026-07-12,yfinance_fast_info
ORIENTCEM,205459873,2026-07-12,yfinance_fast_info
ORIENTCER,119639200,2026-07-12,yfinance_fast_info
ORIENTELEC,213390128,2026-07-12,yfinance_fast_info
ORIENTHOT,178599180,2026-07-12,yfinance_fast_info
ORIENTLTD,10000000,2026-07-12,yfinance_fast_info
ORIENTPPR,212185502,2026-07-12,yfinance_fast_info
ORIENTTECH,45805916,2026-07-12,yfinance_fast_info
ORISSAMINE,6000000,2026-07-12,yfinance_fast_info
ORKLAINDIA,136989231,2026-07-12,yfinance_fast_info
OSWALGREEN,256809160,2026-07-12,yfinance_fast_info
OSWALPUMPS,114004897,2026-07-12,yfinance_fast_info
OSWALSEEDS,91470000,2026-07-12,yfinance_fast_info
PACEDIGITK,215851327,2026-07-12,yfinance_fast_info
PAGEIND,11153874,2026-07-12,yfinance_fast_info
PAISALO,909521874,2026-07-12,yfinance_fast_info
PAKKA,47668100,2026-07-12,yfinance_fast_info
PALASHSECU,10003102,2026-07-12,yfinance_fast_info
PANACEABIO,61250746,2026-07-12,yfinance_fast_info
PANACHE,15228000,2026-07-12,yfinance_fast_info
PANAMAPET,60493598,2026-07-12,yfinance_fast_info
PANSARI,17446800,2026-07-12,yfinance_fast_info
PAR,12304636,2026-07-12,yfinance_fast_info
PARACABLES,327207478,2026-07-12,yfinance_fast_info
PARADEEP,1038170594,2026-07-12,yfinance_fast_info
PARAGMILK,126508539,2026-07-12,yfinance_fast_info
PARAS,80587330,2026-07-12,yfinance_fast_info
PARASPETRO,334221000,2026-07-12,yfinance_fast_info
PARKHOSPS,431930865,2026-07-12,yfinance_fast_info
PARKHOTELS,213374246,2026-07-12,yfinance_fast_info
PASHUPATI,157840000,2026-07-12,yfinance_fast_info
PATANJALI,1087879698,2026-07-12,yfinance_fast_info
PATELENG,955047697,2026-07-12,yfinance_fast_info
PATELRMART,33400528,2026-07-12,yfinance_fast_info
PAUSHAKLTD,24656912,2026-07-12,yfinance_fast_info
PAYTM,640684481,2026-07-12,yfinance_fast_info
PCBL,393462604,2026-07-12,yfinance_fast_info
PCJEWELLER,9710534855,2026-07-12,yfinance_fast_info
PDMJEPAPER,94950000,2026-07-12,yfinance_fast_info
PDSL,141691358,2026-07-12,yfinance_fast_info
PENIND,134946231,2026-07-12,yfinance_fast_info
PERSISTENT,156231044,2026-07-12,yfinance_fast_info
PETRONET,1500000088,2026-07-12,yfinance_fast_info
PFC,3300101760,2026-07-12,yfinance_fast_info
PFIZER,45747732,2026-07-12,yfinance_fast_info
PFS,642283335,2026-07-12,yfinance_fast_info
PGEL,286496708,2026-07-12,yfinance_fast_info
PGHH,32460736,2026-07-12,yfinance_fast_info
PGHL,16599382,2026-07-12,yfinance_fast_info
PGIL,46184117,2026-07-12,yfinance_fast_info
PHOENIXLTD,357640475,2026-07-12,yfinance_fast_info
PICCADIL,98569416,2026-07-12,yfinance_fast_info
PIDILITIND,1017775348,2026-07-12,yfinance_fast_info
PIGL,21168900,2026-07-12,yfinance_fast_info
PIIND,151703230,2026-07-12,yfinance_fast_info
PILANIINVS,11072250,2026-07-12,yfinance_fast_info
PINELABS,1153858090,2026-07-12,yfinance_fast_info
PIONEEREMB,30815442,2026-07-12,yfinance_fast_info
PIRAMALFIN,226004925,2026-07-12,yfinance_fast_info
PITTIENG,36913588,2026-07-12,yfinance_fast_info
PIXTRANS,13625200,2026-07-12,yfinance_fast_info
PKTEA,3095879,2026-07-12,yfinance_fast_info
PLASTIBLEN,25989200,2026-07-12,yfinance_fast_info
PLATIND,56650872,2026-07-12,yfinance_fast_info
PNB,11492943268,2026-07-12,yfinance_fast_info
PNBGILTS,180010134,2026-07-12,yfinance_fast_info
PNBHOUSING,260589923,2026-07-12,yfinance_fast_info
PNC,14467000,2026-07-12,yfinance_fast_info
PNCINFRA,256539165,2026-07-12,yfinance_fast_info
PNGJL,135708333,2026-07-12,yfinance_fast_info
PNGSREVA,31698400,2026-07-12,yfinance_fast_info
POCL,30511279,2026-07-12,yfinance_fast_info
PODDARMENT,10610000,2026-07-12,yfinance_fast_info
POKARNA,31004000,2026-07-12,yfinance_fast_info
POLICYBZR,462042002,2026-07-12,yfinance_fast_info
POLYCAB,150578403,2026-07-12,yfinance_fast_info
POLYMED,101479497,2026-07-12,yfinance_fast_info
POLYPLEX,31392462,2026-07-12,yfinance_fast_info
PONNIERODE,8598418,2026-07-12,yfinance_fast_info
POONAWALLA,875668688,2026-07-12,yfinance_fast_info
POWERGRID,9300603819,2026-07-12,yfinance_fast_info
POWERICA,126551877,2026-07-12,yfinance_fast_info
POWERINDIA,44572363,2026-07-12,yfinance_fast_info
POWERMECH,31616292,2026-07-12,yfinance_fast_info
PPAP,14178765,2026-07-12,yfinance_fast_info
PPLPHARMA,1326844010,2026-07-12,yfinance_fast_info
PRABHA,146572789,2026-07-12,yfinance_fast_info
PRAENG,69935791,2026-07-12,yfinance_fast_info
PRAJIND,183813088,2026-07-12,yfinance_fast_info
PRAKASH,179081839,2026-07-12,yfinance_fast_info
PRAKASHSTL,175000390,2026-07-12,yfinance_fast_info
PRECAM,94985835,2026-07-12,yfinance_fast_info
PRECOT,12000000,2026-07-12,yfinance_fast_info
PRECWIRE,182807975,2026-07-12,yfinance_fast_info
PREMEXPLN,53784143,2026-07-12,yfinance_fast_info
PREMIERENE,451296523,2026-07-12,yfinance_fast_info
PREMIERPOL,104742475,2026-07-12,yfinance_fast_info
PRESTIGE,430730232,2026-07-12,yfinance_fast_info
PRICOLLTD,121881498,2026-07-12,yfinance_fast_info
PRIMESECU,33940325,2026-07-12,yfinance_fast_info
PRIMO,242343220,2026-07-12,yfinance_fast_info
PRINCEPIPE,110582248,2026-07-12,yfinance_fast_info
PRIVISCL,39062706,2026-07-12,yfinance_fast_info
PROSTARM,58874592,2026-07-12,yfinance_fast_info
PROTEAN,40621194,2026-07-12,yfinance_fast_info
PROZONER,152602883,2026-07-12,yfinance_fast_info
PRSMJOHNSN,503356580,2026-07-12,yfinance_fast_info
PRUDENT,41406680,2026-07-12,yfinance_fast_info
PSB,7095585220,2026-07-12,yfinance_fast_info
PSPPROJECT,39641791,2026-07-12,yfinance_fast_info
PTC,296008321,2026-07-12,yfinance_fast_info
PTCIL,14992549,2026-07-12,yfinance_fast_info
PTL,132377000,2026-07-12,yfinance_fast_info
PUNJABCHEM,12262185,2026-07-12,yfinance_fast_info
PURVA,237149686,2026-07-12,yfinance_fast_info
PVP,260403681,2026-07-12,yfinance_fast_info
PVRINOX,98199962,2026-07-12,yfinance_fast_info
PVSL,71198198,2026-07-12,yfinance_fast_info
PWL,2859692500,2026-07-12,yfinance_fast_info
PYRAMID,36879916,2026-07-12,yfinance_fast_info
QMSMEDI,18055299,2026-07-12,yfinance_fast_info
QUADFUTURE,40000000,2026-07-12,yfinance_fast_info
QUESS,149359849,2026-07-12,yfinance_fast_info
RACE,17257200,2026-07-12,yfinance_fast_info
RACLGEAR,11808915,2026-07-12,yfinance_fast_info
RADAAN,54161540,2026-07-12,yfinance_fast_info
RADHIKAJWE,118126508,2026-07-12,yfinance_fast_info
RADIANTCMS,106707906,2026-07-12,yfinance_fast_info
RADICO,133982398,2026-07-12,yfinance_fast_info
RADIOCITY,351344170,2026-07-12,yfinance_fast_info
RAILTEL,320938407,2026-07-12,yfinance_fast_info
RAIN,336345679,2026-07-12,yfinance_fast_info
RAINBOW,101447570,2026-07-12,yfinance_fast_info
RAJMET,276480000,2026-07-12,yfinance_fast_info
RAJRATAN,50771000,2026-07-12,yfinance_fast_info
RAJSREESUG,33135606,2026-07-12,yfinance_fast_info
RAJTV,51913344,2026-07-12,yfinance_fast_info
RALLIS,194468890,2026-07-12,yfinance_fast_info
RAMANEWS,150497721,2026-07-12,yfinance_fast_info
RAMAPHO,35386426,2026-07-12,yfinance_fast_info
RAMCOCEM,236292380,2026-07-12,yfinance_fast_info
RAMCOIND,86841560,2026-07-12,yfinance_fast_info
RAMCOSYS,37583978,2026-07-12,yfinance_fast_info
RAMKY,69197791,2026-07-12,yfinance_fast_info
RAMRAT,93349072,2026-07-12,yfinance_fast_info
RANASUG,153567820,2026-07-12,yfinance_fast_info
RANEHOLDIN,14277809,2026-07-12,yfinance_fast_info
RATEGAIN,118357928,2026-07-12,yfinance_fast_info
RATNAMANI,70092000,2026-07-12,yfinance_fast_info
RATNAVEER,71426681,2026-07-12,yfinance_fast_info
RAYMOND,66551431,2026-07-12,yfinance_fast_info
RAYMONDLSL,60905789,2026-07-12,yfinance_fast_info
RAYMONDREL,66551431,2026-07-12,yfinance_fast_info
RBA,711718862,2026-07-12,yfinance_fast_info
RBLBANK,1548558033,2026-07-12,yfinance_fast_info
RBZJEWEL,40000000,2026-07-12,yfinance_fast_info
RCF,551688100,2026-07-12,yfinance_fast_info
RECLTD,2633224000,2026-07-12,yfinance_fast_info
REDINGTON,781774431,2026-07-12,yfinance_fast_info
REDTAPE,552807600,2026-07-12,yfinance_fast_info
REFEX,137219448,2026-07-12,yfinance_fast_info
REGENCERAM,26441586,2026-07-12,yfinance_fast_info
RELAXO,248938586,2026-07-12,yfinance_fast_info
RELCHEMQ,7543563,2026-07-12,yfinance_fast_info
RELIABLE,10320000,2026-07-12,yfinance_fast_info
RELIANCE,13532472635,2026-07-12,yfinance_fast_info
RELIGARE,341233742,2026-07-12,yfinance_fast_info
RELTD,198549403,2026-07-12,yfinance_fast_info
REMSONSIND,35068103,2026-07-12,yfinance_fast_info
RENUKA,2128489773,2026-07-12,yfinance_fast_info
REPCOHOME,62561362,2026-07-12,yfinance_fast_info
REPRO,14345338,2026-07-12,yfinance_fast_info
RESPONIND,266608544,2026-07-12,yfinance_fast_info
RETAIL,8204600,2026-07-12,yfinance_fast_info
RGL,107396471,2026-07-12,yfinance_fast_info
RHETAN,796875000,2026-07-12,yfinance_fast_info
RHIM,206501426,2026-07-12,yfinance_fast_info
RHL,17291696,2026-07-12,yfinance_fast_info
RICOAUTO,135285000,2026-07-12,yfinance_fast_info
RIIL,15100000,2026-07-12,yfinance_fast_info
RISHABH,38661920,2026-07-12,yfinance_fast_info
RITCO,28470507,2026-07-12,yfinance_fast_info
RITES,480603774,2026-07-12,yfinance_fast_info
RKDL,24000000,2026-07-12,yfinance_fast_info
RKEC,23990600,2026-07-12,yfinance_fast_info
RKFORGE,181784079,2026-07-12,yfinance_fast_info
RKSWAMY,50477241,2026-07-12,yfinance_fast_info
RMC,10581870,2026-07-12,yfinance_fast_info
RMDRIP,428228571,2026-07-12,yfinance_fast_info
RML,27637137,2026-07-12,yfinance_fast_info
RNBDENIMS,285588029,2026-07-12,yfinance_fast_info
ROHLTD,27425215,2026-07-12,yfinance_fast_info
ROLEXRINGS,272333120,2026-07-12,yfinance_fast_info
ROML,14988684,2026-07-12,yfinance_fast_info
ROSSARI,55391616,2026-07-12,yfinance_fast_info
ROSSELLIND,37696475,2026-07-12,yfinance_fast_info
ROSSTECH,37840264,2026-07-12,yfinance_fast_info
ROTO,188911161,2026-07-12,yfinance_fast_info
ROUTE,63003082,2026-07-12,yfinance_fast_info
RPEL,45921950,2026-07-12,yfinance_fast_info
RPGLIFE,16539015,2026-07-12,yfinance_fast_info
RPOWER,4135770966,2026-07-12,yfinance_fast_info
RPPINFRA,49585918,2026-07-12,yfinance_fast_info
RPPL,73344000,2026-07-12,yfinance_fast_info
RPSGVENT,33086409,2026-07-12,yfinance_fast_info
RPTECH,65899666,2026-07-12,yfinance_fast_info
RRKABEL,113105505,2026-07-12,yfinance_fast_info
RSL,83567659,2026-07-12,yfinance_fast_info
RSYSTEMS,118492688,2026-07-12,yfinance_fast_info
RTNINDIA,1380887604,2026-07-12,yfinance_fast_info
RTNPOWER,5370105860,2026-07-12,yfinance_fast_info
RUBFILA,54267529,2026-07-12,yfinance_fast_info
RUBICON,164750310,2026-07-12,yfinance_fast_info
RUCHINFRA,236024942,2026-07-12,yfinance_fast_info
RUCHIRA,29844985,2026-07-12,yfinance_fast_info
RUPA,79544453,2026-07-12,yfinance_fast_info
RUSHIL,293416820,2026-07-12,yfinance_fast_info
RUSTOMJEE,126237116,2026-07-12,yfinance_fast_info
RVHL,61325746,2026-07-12,yfinance_fast_info
RVNL,2085020100,2026-07-12,yfinance_fast_info
RVTH,3066943,2026-07-12,yfinance_fast_info
S&SPOWER,12341550,2026-07-12,yfinance_fast_info
SAATVIKGL,127105004,2026-07-12,yfinance_fast_info
SADBHAV,171570800,2026-07-12,yfinance_fast_info
SAFARI,48995551,2026-07-12,yfinance_fast_info
SAGARDEEP,17057400,2026-07-12,yfinance_fast_info
SAGCEM,130707548,2026-07-12,yfinance_fast_info
SAGILITY,4681328413,2026-07-12,yfinance_fast_info
SAHLIBHFI,30888400,2026-07-12,yfinance_fast_info
SAHYADRI,10946300,2026-07-12,yfinance_fast_info
SAIL,4130525289,2026-07-12,yfinance_fast_info
SAILIFE,212286016,2026-07-12,yfinance_fast_info
SAIPARENT,44179232,2026-07-12,yfinance_fast_info
SAKAR,21949910,2026-07-12,yfinance_fast_info
SAKHTISUG,119017298,2026-07-12,yfinance_fast_info
SAKSOFT,127839193,2026-07-12,yfinance_fast_info
SALASAR,1747950290,2026-07-12,yfinance_fast_info
SALONA,5262400,2026-07-12,yfinance_fast_info
SALZERELEC,17682737,2026-07-12,yfinance_fast_info
SAMBHAAV,191110840,2026-07-12,yfinance_fast_info
SAMBHV,294671429,2026-07-12,yfinance_fast_info
SAMHI,222134736,2026-07-12,yfinance_fast_info
SAMMAANCAP,1148686844,2026-07-12,yfinance_fast_info
SAMPANN,48810000,2026-07-12,yfinance_fast_info
SANATHAN,84404059,2026-07-12,yfinance_fast_info
SANDESH,7569421,2026-07-12,yfinance_fast_info
SANDHAR,60335331,2026-07-12,yfinance_fast_info
SANDUMA,486104814,2026-07-12,yfinance_fast_info
SANGAMIND,49310016,2026-07-12,yfinance_fast_info
SANGHVIMOV,86576000,2026-07-12,yfinance_fast_info
SANOFI,23030622,2026-07-12,yfinance_fast_info
SANOFICONR,23063488,2026-07-12,yfinance_fast_info
SANSERA,62403568,2026-07-12,yfinance_fast_info
SANSTAR,200268407,2026-07-12,yfinance_fast_info
SAPPHIRE,321757988,2026-07-12,yfinance_fast_info
SARDAEN,352381270,2026-07-12,yfinance_fast_info
SAREGAMA,191959490,2026-07-12,yfinance_fast_info
SARLAPOLY,79503000,2026-07-12,yfinance_fast_info
SASKEN,15186471,2026-07-12,yfinance_fast_info
SATIA,100000000,2026-07-12,yfinance_fast_info
SATIN,109988019,2026-07-12,yfinance_fast_info
SAURASHCEM,111287280,2026-07-12,yfinance_fast_info
SAYAJIHOTL,17517977,2026-07-12,yfinance_fast_info
SBC,476190000,2026-07-12,yfinance_fast_info
SBCL,57604200,2026-07-12,yfinance_fast_info
SBFC,1106597273,2026-07-12,yfinance_fast_info
SBGLP,173416440,2026-07-12,yfinance_fast_info
SBICARD,951614508,2026-07-12,yfinance_fast_info
SBILIFE,1003261050,2026-07-12,yfinance_fast_info
SBIN,9230617586,2026-07-12,yfinance_fast_info
SCHAEFFLER,156303670,2026-07-12,yfinance_fast_info
SCHAND,35272192,2026-07-12,yfinance_fast_info
SCHNEIDER,239104035,2026-07-12,yfinance_fast_info
SCI,465799010,2026-07-12,yfinance_fast_info
SCILAL,465799010,2026-07-12,yfinance_fast_info
SCODATUBES,59908900,2026-07-12,yfinance_fast_info
SCPL,10500000,2026-07-12,yfinance_fast_info
SDBL,207901312,2026-07-12,yfinance_fast_info
SEAMECLTD,25514016,2026-07-12,yfinance_fast_info
SECMARK,10960848,2026-07-12,yfinance_fast_info
SECURKLOUD,33410605,2026-07-12,yfinance_fast_info
SEDEMAC,44167500,2026-07-12,yfinance_fast_info
SELMC,33179236,2026-07-12,yfinance_fast_info
SENCO,163838649,2026-07-12,yfinance_fast_info
SENORES,46053588,2026-07-12,yfinance_fast_info
SEPC,1945513391,2026-07-12,yfinance_fast_info
SERVOTECH,225845000,2026-07-12,yfinance_fast_info
SESHAPAPER,63068140,2026-07-12,yfinance_fast_info
SETL,20898000,2026-07-12,yfinance_fast_info
SFL,109203314,2026-07-12,yfinance_fast_info
SGFIN,65895000,2026-07-12,yfinance_fast_info
SGIL,15535000,2026-07-12,yfinance_fast_info
SGL,28349343,2026-07-12,yfinance_fast_info
SGMART,126035200,2026-07-12,yfinance_fast_info
SHADOWFAX,585184820,2026-07-12,yfinance_fast_info
SHAH,982374228,2026-07-12,yfinance_fast_info
SHAHALLOYS,19797540,2026-07-12,yfinance_fast_info
SHAILY,45995248,2026-07-12,yfinance_fast_info
SHAKTIPUMP,123397965,2026-07-12,yfinance_fast_info
SHALBY,107298755,2026-07-12,yfinance_fast_info
SHALPAINTS,83711178,2026-07-12,yfinance_fast_info
SHANKARA,24249326,2026-07-12,yfinance_fast_info
SHANTI,11106000,2026-07-12,yfinance_fast_info
SHANTIGEAR,76740309,2026-07-12,yfinance_fast_info
SHANTIGOLD,72096000,2026-07-12,yfinance_fast_info
SHARDACROP,90220495,2026-07-12,yfinance_fast_info
SHARDAMOTR,57407736,2026-07-12,yfinance_fast_info
SHAREINDIA,218825530,2026-07-12,yfinance_fast_info
SHILCTECH,11440200,2026-07-12,yfinance_fast_info
SHILPAMED,195581816,2026-07-12,yfinance_fast_info
SHIVATEX,13739152,2026-07-12,yfinance_fast_info
SHIVAUM,13600400,2026-07-12,yfinance_fast_info
SHK,138420801,2026-07-12,yfinance_fast_info
SHOPERSTOP,110124746,2026-07-12,yfinance_fast_info
SHRADHA,58635418,2026-07-12,yfinance_fast_info
SHREDIGCEM,147914278,2026-07-12,yfinance_fast_info
SHREECEM,36080748,2026-07-12,yfinance_fast_info
SHREEJISPG,162918254,2026-07-12,yfinance_fast_info
SHREEPUSHK,32337691,2026-07-12,yfinance_fast_info
SHREERAMA,133468005,2026-07-12,yfinance_fast_info
SHREYANIND,13824550,2026-07-12,yfinance_fast_info
SHRINGARMS,96432080,2026-07-12,yfinance_fast_info
SHRIPISTON,44049825,2026-07-12,yfinance_fast_info
SHRIRAMFIN,2352948439,2026-07-12,yfinance_fast_info
SHRIRAMPPS,170654392,2026-07-12,yfinance_fast_info
SHYAMMETL,278326554,2026-07-12,yfinance_fast_info
SICAGEN,39571684,2026-07-12,yfinance_fast_info
SICALLOG,79784870,2026-07-12,yfinance_fast_info
SIEMENS,356120505,2026-07-12,yfinance_fast_info
SIGIND,29437000,2026-07-12,yfinance_fast_info
SIGMA,102774980,2026-07-12,yfinance_fast_info
SIGMAADV,176239705,2026-07-12,yfinance_fast_info
SIGNATURE,140686026,2026-07-12,yfinance_fast_info
SIGNPOST,53450000,2026-07-12,yfinance_fast_info
SIKKO,436800000,2026-07-12,yfinance_fast_info
SIL,64328941,2026-07-12,yfinance_fast_info
SILGO,26166746,2026-07-12,yfinance_fast_info
SILINV,10595860,2026-07-12,yfinance_fast_info
SILLYMONKS,10211300,2026-07-12,yfinance_fast_info
SILVERTUC,126810000,2026-07-12,yfinance_fast_info
SIMPLEXINF,79095346,2026-07-12,yfinance_fast_info
SINCLAIR,51260000,2026-07-12,yfinance_fast_info
SINDHUTRAD,1541928780,2026-07-12,yfinance_fast_info
SINTERCOM,27527823,2026-07-12,yfinance_fast_info
SIRCA,56932842,2026-07-12,yfinance_fast_info
SIS,141300750,2026-07-12,yfinance_fast_info
SIYSIL,45370088,2026-07-12,yfinance_fast_info
SJS,32005154,2026-07-12,yfinance_fast_info
SJVN,3929795175,2026-07-12,yfinance_fast_info
SKFINDIA,49437963,2026-07-12,yfinance_fast_info
SKFINDUS,49437963,2026-07-12,yfinance_fast_info
SKIPPER,112904035,2026-07-12,yfinance_fast_info
SKMEGGPROD,52725421,2026-07-12,yfinance_fast_info
SKYGOLD,154873884,2026-07-12,yfinance_fast_info
SMARTWORKS,114262076,2026-07-12,yfinance_fast_info
SMCGLOBAL,209400000,2026-07-12,yfinance_fast_info
SMLMAH,14471646,2026-07-12,yfinance_fast_info
SMLT,13689750,2026-07-12,yfinance_fast_info
SMSPHARMA,93652030,2026-07-12,yfinance_fast_info
SNOWMAN,167212843,2026-07-12,yfinance_fast_info
SOBHA,106953834,2026-07-12,yfinance_fast_info
SOLARA,48246012,2026-07-12,yfinance_fast_info
SOLARINDS,90490055,2026-07-12,yfinance_fast_info
SOLARWORLD,86672654,2026-07-12,yfinance_fast_info
SOLEX,10802489,2026-07-12,yfinance_fast_info
SOMANYCERA,41012806,2026-07-12,yfinance_fast_info
SOMATEX,33974177,2026-07-12,yfinance_fast_info
SOMICONVEY,12159368,2026-07-12,yfinance_fast_info
SONACOMS,622034837,2026-07-12,yfinance_fast_info
SONAMLTD,40032000,2026-07-12,yfinance_fast_info
SONATSOFTW,276794469,2026-07-12,yfinance_fast_info
SOTL,68560415,2026-07-12,yfinance_fast_info
SOUTHBANK,2618066063,2026-07-12,yfinance_fast_info
SOUTHWEST,29830011,2026-07-12,yfinance_fast_info
SPAL,25138883,2026-07-12,yfinance_fast_info
SPANDANA,88639506,2026-07-12,yfinance_fast_info
SPARC,324521588,2026-07-12,yfinance_fast_info
SPCENET,567736000,2026-07-12,yfinance_fast_info
SPECIALITY,48235657,2026-07-12,yfinance_fast_info
SPECTRUM,15713840,2026-07-12,yfinance_fast_info
SPENCERS,90012009,2026-07-12,yfinance_fast_info
SPIC,203640336,2026-07-12,yfinance_fast_info
SPLIL,29353979,2026-07-12,yfinance_fast_info
SPLPETRO,188041342,2026-07-12,yfinance_fast_info
SPMLINFRA,84149923,2026-07-12,yfinance_fast_info
SPORTKING,127270569,2026-07-12,yfinance_fast_info
SRD,63966780,2026-07-12,yfinance_fast_info
SREEL,23155012,2026-07-12,yfinance_fast_info
SRF,296406025,2026-07-12,yfinance_fast_info
SRGHFL,15707588,2026-07-12,yfinance_fast_info
SRHHYPOLTD,17164821,2026-07-12,yfinance_fast_info
SRM,22948529,2026-07-12,yfinance_fast_info
SRTL,39975000,2026-07-12,yfinance_fast_info
SSDL,39599800,2026-07-12,yfinance_fast_info
SSWL,157302145,2026-07-12,yfinance_fast_info
STALLION,116085738,2026-07-12,yfinance_fast_info
STANLEY,57125663,2026-07-12,yfinance_fast_info
STAR,92172715,2026-07-12,yfinance_fast_info
STARCEMENT,404180417,2026-07-12,yfinance_fast_info
STARHEALTH,588403502,2026-07-12,yfinance_fast_info
STARPAPER,15708350,2026-07-12,yfinance_fast_info
STARTECK,9910330,2026-07-12,yfinance_fast_info
STCINDIA,60000000,2026-07-12,yfinance_fast_info
STEELCAS,101200000,2026-07-12,yfinance_fast_info
STEELCITY,15107095,2026-07-12,yfinance_fast_info
STEELXIND,1275518412,2026-07-12,yfinance_fast_info
STEL,18455405,2026-07-12,yfinance_fast_info
STOVEKRAFT,33107321,2026-07-12,yfinance_fast_info
STUDDS,39353400,2026-07-12,yfinance_fast_info
STYL,161805826,2026-07-12,yfinance_fast_info
STYLAMIND,16958736,2026-07-12,yfinance_fast_info
STYRENIX,17596304,2026-07-12,yfinance_fast_info
SUBROS,65235750,2026-07-12,yfinance_fast_info
SUDARCOLOR,23081798,2026-07-12,yfinance_fast_info
SUDARSCHEM,79607576,2026-07-12,yfinance_fast_info
SUDEEPPHRM,112948625,2026-07-12,yfinance_fast_info
SUKHJITS,31244000,2026-07-12,yfinance_fast_info
SULA,84447229,2026-07-12,yfinance_fast_info
SUMEETINDS,611085037,2026-07-12,yfinance_fast_info
SUMICHEM,499145736,2026-07-12,yfinance_fast_info
SUMMITSEC,10946802,2026-07-12,yfinance_fast_info
SUNCLAY,22046162,2026-07-12,yfinance_fast_info
SUNDARAM,473877773,2026-07-12,yfinance_fast_info
SUNDARMFIN,110217571,2026-07-12,yfinance_fast_info
SUNDRMFAST,210128371,2026-07-12,yfinance_fast_info
SUNDROP,37696853,2026-07-12,yfinance_fast_info
SUNFLAG,180219448,2026-07-12,yfinance_fast_info
SUNPHARMA,2399334970,2026-07-12,yfinance_fast_info
SUNTECK,146842025,2026-07-12,yfinance_fast_info
SUNTV,394084620,2026-07-12,yfinance_fast_info
SUPERHOUSE,11025000,2026-07-12,yfinance_fast_info
SUPRAJIT,137179346,2026-07-12,yfinance_fast_info
SUPREME,38802562,2026-07-12,yfinance_fast_info
SUPREMEIND,127081790,2026-07-12,yfinance_fast_info
SUPREMEINF,97502760,2026-07-12,yfinance_fast_info
SUPRIYA,80482800,2026-07-12,yfinance_fast_info
SURAJEST,47945921,2026-07-12,yfinance_fast_info
SURAJLTD,18364100,2026-07-12,yfinance_fast_info
SURAKSHA,52080758,2026-07-12,yfinance_fast_info
SURANASOL,49206600,2026-07-12,yfinance_fast_info
SURANAT&P,135759963,2026-07-12,yfinance_fast_info
SURYALAXMI,18805290,2026-07-12,yfinance_fast_info
SURYAROSNI,217612096,2026-07-12,yfinance_fast_info
SURYODAY,106289824,2026-07-12,yfinance_fast_info
SUVEN,282562686,2026-07-12,yfinance_fast_info
SUVIDHAA,212778457,2026-07-12,yfinance_fast_info
SUYOG,11717120,2026-07-12,yfinance_fast_info
SUZLON,13743958475,2026-07-12,yfinance_fast_info
SWANCORP,313456886,2026-07-12,yfinance_fast_info
SWARAJENG,12149865,2026-07-12,yfinance_fast_info
SWELECTES,15536238,2026-07-12,yfinance_fast_info
SWIGGY,2606054682,2026-07-12,yfinance_fast_info
SWSOLAR,233541391,2026-07-12,yfinance_fast_info
SYMPHONY,68671400,2026-07-12,yfinance_fast_info
SYNCOMF,940000000,2026-07-12,yfinance_fast_info
SYNGENE,401773431,2026-07-12,yfinance_fast_info
SYRMA,192624977,2026-07-12,yfinance_fast_info
TAINWALCHM,9363863,2026-07-12,yfinance_fast_info
TAJGVK,62701495,2026-07-12,yfinance_fast_info
TALBROAUTO,61728150,2026-07-12,yfinance_fast_info
TANLA,132173589,2026-07-12,yfinance_fast_info
TARACHAND,78824900,2026-07-12,yfinance_fast_info
TARAPUR,19500011,2026-07-12,yfinance_fast_info
TARC,295096335,2026-07-12,yfinance_fast_info
TARIL,300165834,2026-07-12,yfinance_fast_info
TARMAT,25064255,2026-07-12,yfinance_fast_info
TARSONS,53206281,2026-07-12,yfinance_fast_info
TASTYBITE,2566000,2026-07-12,yfinance_fast_info
TATACAP,4216692746,2026-07-12,yfinance_fast_info
TATACHEM,254756278,2026-07-12,yfinance_fast_info
TATACOMM,285016749,2026-07-12,yfinance_fast_info
TATACONSUM,989651958,2026-07-12,yfinance_fast_info
TATAELXSI,62299561,2026-07-12,yfinance_fast_info
TATAINVEST,505952960,2026-07-12,yfinance_fast_info
TATAPOWER,3195339547,2026-07-12,yfinance_fast_info
TATASTEEL,12471847612,2026-07-12,yfinance_fast_info
TATATECH,406051830,2026-07-12,yfinance_fast_info
TATVA,23392055,2026-07-12,yfinance_fast_info
TBOTEK,106783982,2026-07-12,yfinance_fast_info
TBZ,66730620,2026-07-12,yfinance_fast_info
TCI,76831142,2026-07-12,yfinance_fast_info
TCIEXP,38418990,2026-07-12,yfinance_fast_info
TCPLPACK,9080905,2026-07-12,yfinance_fast_info
TCS,3618087518,2026-07-12,yfinance_fast_info
TDPOWERSYS,156228430,2026-07-12,yfinance_fast_info
TEAMGTY,8993149,2026-07-12,yfinance_fast_info
TEAMLEASE,16764068,2026-07-12,yfinance_fast_info
TECHM,885822329,2026-07-12,yfinance_fast_info
TECHNOE,116299574,2026-07-12,yfinance_fast_info
TECILCHEM,18963770,2026-07-12,yfinance_fast_info
TEGA,75127698,2026-07-12,yfinance_fast_info
TEJASNET,177615740,2026-07-12,yfinance_fast_info
TEMBO,15467146,2026-07-12,yfinance_fast_info
TERASOFT,12511875,2026-07-12,yfinance_fast_info
TEXINFRA,127426590,2026-07-12,yfinance_fast_info
TEXMOPIPES,29195000,2026-07-12,yfinance_fast_info
TEXRAIL,406864572,2026-07-12,yfinance_fast_info
TFCILTD,462977240,2026-07-12,yfinance_fast_info
TFL,55116194,2026-07-12,yfinance_fast_info
TGBHOTELS,29286400,2026-07-12,yfinance_fast_info
THANGAMAYL,31082021,2026-07-12,yfinance_fast_info
THEINVEST,52242217,2026-07-12,yfinance_fast_info
THEJO,10845915,2026-07-12,yfinance_fast_info
THELEELA,333957878,2026-07-12,yfinance_fast_info
THEMISMED,92883618,2026-07-12,yfinance_fast_info
THERMAX,112648671,2026-07-12,yfinance_fast_info
THOMASCOOK,472523991,2026-07-12,yfinance_fast_info
THOMASCOTT,14670380,2026-07-12,yfinance_fast_info
THYROCARE,159161691,2026-07-12,yfinance_fast_info
TI,247170825,2026-07-12,yfinance_fast_info
TICL,155000000,2026-07-12,yfinance_fast_info
TIIL,22672798,2026-07-12,yfinance_fast_info
TIINDIA,193568319,2026-07-12,yfinance_fast_info
TIJARIA,29015176,2026-07-12,yfinance_fast_info
TIL,79420876,2026-07-12,yfinance_fast_info
TIMETECHNO,493635379,2026-07-12,yfinance_fast_info
TIMEX,100950000,2026-07-12,yfinance_fast_info
TIMKEN,75218734,2026-07-12,yfinance_fast_info
TINNARUBR,18015757,2026-07-12,yfinance_fast_info
TIPSFILMS,4322886,2026-07-12,yfinance_fast_info
TIPSMUSIC,127831590,2026-07-12,yfinance_fast_info
TIRUMALCHM,120552774,2026-07-12,yfinance_fast_info
TIRUPATIFL,118523089,2026-07-12,yfinance_fast_info
TITAGARH,134673768,2026-07-12,yfinance_fast_info
TITAN,887045260,2026-07-12,yfinance_fast_info
TMB,158351454,2026-07-12,yfinance_fast_info
TMCV,3682488958,2026-07-12,yfinance_fast_info
TMPV,3682582902,2026-07-12,yfinance_fast_info
TNPETRO,89971474,2026-07-12,yfinance_fast_info
TNPL,69210600,2026-07-12,yfinance_fast_info
TNTELE,45681000,2026-07-12,yfinance_fast_info
TOLINS,39508831,2026-07-12,yfinance_fast_info
TORNTPHARM,338445440,2026-07-12,yfinance_fast_info
TORNTPOWER,503903543,2026-07-12,yfinance_fast_info
TOTAL,16126974,2026-07-12,yfinance_fast_info
TOUCHWOOD,11081246,2026-07-12,yfinance_fast_info
TPHQ,1096219600,2026-07-12,yfinance_fast_info
TPLPLASTEH,78003000,2026-07-12,yfinance_fast_info
TRACXN,106918589,2026-07-12,yfinance_fast_info
TRANSPEK,5585569,2026-07-12,yfinance_fast_info
TRANSRAILL,134256025,2026-07-12,yfinance_fast_info
TRAVELFOOD,131679484,2026-07-12,yfinance_fast_info
TREEHOUSE,42310724,2026-07-12,yfinance_fast_info
TREJHARA,24116754,2026-07-12,yfinance_fast_info
TREL,245695524,2026-07-12,yfinance_fast_info
TRENT,533232301,2026-07-12,yfinance_fast_info
TRF,11004412,2026-07-12,yfinance_fast_info
TRIDENT,5095584070,2026-07-12,yfinance_fast_info
TRIGYN,30785736,2026-07-12,yfinance_fast_info
TRITURBINE,317894979,2026-07-12,yfinance_fast_info
TRIVENI,220363016,2026-07-12,yfinance_fast_info
TRU,118861871,2026-07-12,yfinance_fast_info
TRUALT,85752591,2026-07-12,yfinance_fast_info
TSFINV,220691839,2026-07-12,yfinance_fast_info
TTKHLTCARE,14130333,2026-07-12,yfinance_fast_info
TTKPRESTIG,136950984,2026-07-12,yfinance_fast_info
TTL,258310944,2026-07-12,yfinance_fast_info
TTML,1954927727,2026-07-12,yfinance_fast_info
TVSELECT,18820065,2026-07-12,yfinance_fast_info
TVSHLTD,20232104,2026-07-12,yfinance_fast_info
TVSMOTOR,475226252,2026-07-12,yfinance_fast_info
TVSSCS,441180027,2026-07-12,yfinance_fast_info
TVSSRICHAK,7657050,2026-07-12,yfinance_fast_info
TVTODAY,59668615,2026-07-12,yfinance_fast_info
TVVISION,38744500,2026-07-12,yfinance_fast_info
UBL,264405149,2026-07-12,yfinance_fast_info
UCAL,22113625,2026-07-12,yfinance_fast_info
UCOBANK,12539558979,2026-07-12,yfinance_fast_info
UDS,67535713,2026-07-12,yfinance_fast_info
UEL,133397814,2026-07-12,yfinance_fast_info
UFBL,39086387,2026-07-12,yfinance_fast_info
UFLEX,72211486,2026-07-12,yfinance_fast_info
UFO,38824757,2026-07-12,yfinance_fast_info
UGARSUGAR,112500000,2026-07-12,yfinance_fast_info
UGROCAP,152815503,2026-07-12,yfinance_fast_info
UJJIVANSFB,1945828504,2026-07-12,yfinance_fast_info
ULTRACEMCO,294169635,2026-07-12,yfinance_fast_info
ULTRAMAR,29200000,2026-07-12,yfinance_fast_info
UMESLTD,26730911,2026-07-12,yfinance_fast_info
UNICHEMLAB,70405750,2026-07-12,yfinance_fast_info
UNIECOM,112379173,2026-07-12,yfinance_fast_info
UNIENTER,69545849,2026-07-12,yfinance_fast_info
UNIMECH,50856883,2026-07-12,yfinance_fast_info
UNIONBANK,7633605607,2026-07-12,yfinance_fast_info
UNIPARTS,45101163,2026-07-12,yfinance_fast_info
UNITDSPR,727401235,2026-07-12,yfinance_fast_info
UNITECH,2616301047,2026-07-12,yfinance_fast_info
UNITEDTEA,4996566,2026-07-12,yfinance_fast_info
UNIVCABLES,34695381,2026-07-12,yfinance_fast_info
UNOMINDA,577467206,2026-07-12,yfinance_fast_info
UPL,845284163,2026-07-12,yfinance_fast_info
URBANCO,1462180603,2026-07-12,yfinance_fast_info
URJA,557206000,2026-07-12,yfinance_fast_info
USHAMART,304400280,2026-07-12,yfinance_fast_info
USK,55357142,2026-07-12,yfinance_fast_info
UTIAMC,128534565,2026-07-12,yfinance_fast_info
UTKARSHBNK,1779523684,2026-07-12,yfinance_fast_info
UTLSOLAR,306901762,2026-07-12,yfinance_fast_info
UTTAMSUGAR,38138120,2026-07-12,yfinance_fast_info
UYFINCORP,190238329,2026-07-12,yfinance_fast_info
V2RETAIL,364637550,2026-07-12,yfinance_fast_info
VADILALIND,7187830,2026-07-12,yfinance_fast_info
VAIBHAVGBL,167285085,2026-07-12,yfinance_fast_info
VAKRANGEE,1083191807,2026-07-12,yfinance_fast_info
VAML,3904155728,2026-07-12,yfinance_fast_info
VARDMNPOLY,483019004,2026-07-12,yfinance_fast_info
VARROC,152799335,2026-07-12,yfinance_fast_info
VASWANI,32998624,2026-07-12,yfinance_fast_info
VBL,3382464894,2026-07-12,yfinance_fast_info
VCL,183752220,2026-07-12,yfinance_fast_info
VEDL,3904801732,2026-07-12,yfinance_fast_info
VEDPOWER,3904155728,2026-07-12,yfinance_fast_info
VEEDOL,16994860,2026-07-12,yfinance_fast_info
VENKEYS,14087336,2026-07-12,yfinance_fast_info
VENTIVE,233541609,2026-07-12,yfinance_fast_info
VENUSPIPES,20716110,2026-07-12,yfinance_fast_info
VERANDA,96320725,2026-07-12,yfinance_fast_info
VESUVIUS,202960800,2026-07-12,yfinance_fast_info
VGL,51528678,2026-07-12,yfinance_fast_info
VGUARD,436803816,2026-07-12,yfinance_fast_info
VHL,3191536,2026-07-12,yfinance_fast_info
VIDHIING,49945000,2026-07-12,yfinance_fast_info
VIDYAWIRES,212692307,2026-07-12,yfinance_fast_info
VIJAYA,102896728,2026-07-12,yfinance_fast_info
VIKASECO,1388356024,2026-07-12,yfinance_fast_info
VIKASLIFE,1857668560,2026-07-12,yfinance_fast_info
VIKRAMSOLR,362354381,2026-07-12,yfinance_fast_info
VIKRAN,257911026,2026-07-12,yfinance_fast_info
VIMTALABS,44686904,2026-07-12,yfinance_fast_info
VINATIORGA,103740649,2026-07-12,yfinance_fast_info
VINCOFE,145688409,2026-07-12,yfinance_fast_info
VINDHYATEL,11850863,2026-07-12,yfinance_fast_info
VINNY,465246622,2026-07-12,yfinance_fast_info
VINYLINDIA,18337111,2026-07-12,yfinance_fast_info
VIPIND,142053696,2026-07-12,yfinance_fast_info
VIRINCHI,112707372,2026-07-12,yfinance_fast_info
VISAKAIND,86404760,2026-07-12,yfinance_fast_info
VISHNU,67315284,2026-07-12,yfinance_fast_info
VISHWARAJ,217827700,2026-07-12,yfinance_fast_info
VISL,3910388057,2026-07-12,yfinance_fast_info
VIVIDHA,292700534,2026-07-12,yfinance_fast_info
VIYASH,436463227,2026-07-12,yfinance_fast_info
VLSFINANCE,31378663,2026-07-12,yfinance_fast_info
VMART,79548002,2026-07-12,yfinance_fast_info
VMM,4684308639,2026-07-12,yfinance_fast_info
VOGL,3904155728,2026-07-12,yfinance_fast_info
VOLTAMP,10117120,2026-07-12,yfinance_fast_info
VOLTAS,330884740,2026-07-12,yfinance_fast_info
VRAJ,32982620,2026-07-12,yfinance_fast_info
VRLLOG,174936990,2026-07-12,yfinance_fast_info
VSSL,96685678,2026-07-12,yfinance_fast_info
VSTIND,169543660,2026-07-12,yfinance_fast_info
VSTL,18962443,2026-07-12,yfinance_fast_info
VSTTILLERS,8652754,2026-07-12,yfinance_fast_info
VTL,289281800,2026-07-12,yfinance_fast_info
WAAREEENER,287651335,2026-07-12,yfinance_fast_info
WAAREEINDO,41603691,2026-07-12,yfinance_fast_info
WAAREERTL,104345792,2026-07-12,yfinance_fast_info
WABAG,62417456,2026-07-12,yfinance_fast_info
WAKEFIT,331331698,2026-07-12,yfinance_fast_info
WALCHANNAG,67910258,2026-07-12,yfinance_fast_info
WANBURY,34939398,2026-07-12,yfinance_fast_info
WCIL,101955213,2026-07-12,yfinance_fast_info
WEALTH,10655000,2026-07-12,yfinance_fast_info
WEBELSOLAR,434163470,2026-07-12,yfinance_fast_info
WEIZMANIND,15493852,2026-07-12,yfinance_fast_info
WEL,134008000,2026-07-12,yfinance_fast_info
WELCORP,263703928,2026-07-12,yfinance_fast_info
WELENT,135613810,2026-07-12,yfinance_fast_info
WELSPUNLIV,941445014,2026-07-12,yfinance_fast_info
WENDT,2000000,2026-07-12,yfinance_fast_info
WESTLIFE,155215762,2026-07-12,yfinance_fast_info
WEWORK,138590252,2026-07-12,yfinance_fast_info
WHEELS,24433012,2026-07-12,yfinance_fast_info
WHIRLPOOL,126920341,2026-07-12,yfinance_fast_info
WILLAMAGOR,10956360,2026-07-12,yfinance_fast_info
WINDLAS,20636229,2026-07-12,yfinance_fast_info
WINDMACHIN,103459417,2026-07-12,yfinance_fast_info
WIPL,8487340,2026-07-12,yfinance_fast_info
WIPRO,9891978167,2026-07-12,yfinance_fast_info
WOCKPHARMA,162492169,2026-07-12,yfinance_fast_info
WONDERLA,63422766,2026-07-12,yfinance_fast_info
WORTHPERI,15751000,2026-07-12,yfinance_fast_info
WSI,75895318,2026-07-12,yfinance_fast_info
WSTCSTPAPR,66048908,2026-07-12,yfinance_fast_info
XCHANGING,111403716,2026-07-12,yfinance_fast_info
XELPMOC,14799493,2026-07-12,yfinance_fast_info
XPROINDIA,23470391,2026-07-12,yfinance_fast_info
XTGLOBAL,134123705,2026-07-12,yfinance_fast_info
YASHO,12075505,2026-07-12,yfinance_fast_info
YATHARTH,96354357,2026-07-12,yfinance_fast_info
YATRA,156916193,2026-07-12,yfinance_fast_info
YESBANK,31386762229,2026-07-12,yfinance_fast_info
YUKEN,13584000,2026-07-12,yfinance_fast_info
ZAGGLE,134717159,2026-07-12,yfinance_fast_info
ZEEL,960519420,2026-07-12,yfinance_fast_info
ZEEMEDIA,655428680,2026-07-12,yfinance_fast_info
ZENITHEXPO,5396250,2026-07-12,yfinance_fast_info
ZENITHSTL,142280448,2026-07-12,yfinance_fast_info
ZENSARTECH,226752635,2026-07-12,yfinance_fast_info
ZENTEC,89938096,2026-07-12,yfinance_fast_info
ZFCVINDIA,113805504,2026-07-12,yfinance_fast_info
ZFSTEERING,9073300,2026-07-12,yfinance_fast_info
ZODIACLOTH,27458131,2026-07-12,yfinance_fast_info
ZOTA,30332656,2026-07-12,yfinance_fast_info
ZUARI,42058006,2026-07-12,yfinance_fast_info
ZUARIIND,29781184,2026-07-12,yfinance_fast_info
ZYDUSLIFE,997503832,2026-07-12,yfinance_fast_info
ZYDUSWELL,318157280,2026-07-12,yfinance_fast_info
